source_id	subject_id	session_id	bold_num	t1w_num	t2w_num	bold_size	t1w_size	bold_duration_total	bold_duration_mean	bold_voxels_total	bold_voxels_mean	bold_tasks	bold_timepoints	bold_trs	datatypes
ds003097	sub-0001	n/a	1	3	0	50554447	20666086	638.0000138282776	638.0000138282776	145152	145152.0	moviewatching	290	{"2.2":1}	anat,dwi,func
ds003097	sub-0002	n/a	1	3	0	41678520	19654821	638.0000138282776	638.0000138282776	138348	138348.0	moviewatching	290	{"2.2":1}	anat,dwi,func
ds003097	sub-0003	n/a	1	3	0	39725561	21165550	638.0000138282776	638.0000138282776	132804	132804.0	moviewatching	290	{"2.2":1}	anat,dwi,func
ds003097	sub-0004	n/a	1	3	0	39659822	19950693	638.0000138282776	638.0000138282776	132804	132804.0	moviewatching	290	{"2.2":1}	anat,dwi,func
ds003097	sub-0005	n/a	1	3	0	43550914	21389751	638.0000138282776	638.0000138282776	139776	139776.0	moviewatching	290	{"2.2":1}	anat,dwi,func
ds003097	sub-0006	n/a	1	3	0	43173086	19910402	638.0000138282776	638.0000138282776	139776	139776.0	moviewatching	290	{"2.2":1}	anat,dwi,func
ds003097	sub-0007	n/a	1	3	0	59118758	24187218	638.0000138282776	638.0000138282776	155904	155904.0	moviewatching	290	{"2.2":1}	anat,dwi,func
ds003097	sub-0008	n/a	1	3	0	43502960	20507576	638.0000138282776	638.0000138282776	139776	139776.0	moviewatching	290	{"2.2":1}	anat,dwi,func
ds003097	sub-0009	n/a	0	3	0	0	22675499	n/a	n/a	n/a	n/a	n/a	0	n/a	anat,dwi
ds003097	sub-0010	n/a	1	3	0	38090471	18694000	638.0000138282776	638.0000138282776	131712	131712.0	moviewatching	290	{"2.2":1}	anat,dwi,func
ds003097	sub-0011	n/a	1	3	0	58525652	20002838	638.0000138282776	638.0000138282776	158592	158592.0	moviewatching	290	{"2.2":1}	anat,dwi,func
ds003097	sub-0012	n/a	1	3	0	43128591	21079181	638.0000138282776	638.0000138282776	142464	142464.0	moviewatching	290	{"2.2":1}	anat,dwi,func
ds003097	sub-0013	n/a	1	3	0	53924725	23566543	638.0000138282776	638.0000138282776	147840	147840.0	moviewatching	290	{"2.2":1}	anat,dwi,func
ds003097	sub-0014	n/a	1	3	0	52724509	20740281	638.0000138282776	638.0000138282776	145152	145152.0	moviewatching	290	{"2.2":1}	anat,dwi,func
ds003097	sub-0015	n/a	1	3	0	58482836	19554046	638.0000138282776	638.0000138282776	155904	155904.0	moviewatching	290	{"2.2":1}	anat,dwi,func
ds003097	sub-0016	n/a	1	3	0	35710438	19607033	638.0000138282776	638.0000138282776	125538	125538.0	moviewatching	290	{"2.2":1}	anat,dwi,func
ds003097	sub-0017	n/a	1	3	0	56632964	20982881	638.0000138282776	638.0000138282776	142464	142464.0	moviewatching	290	{"2.2":1}	anat,dwi,func
ds003097	sub-0018	n/a	1	3	0	52990292	21406711	638.0000138282776	638.0000138282776	150528	150528.0	moviewatching	290	{"2.2":1}	anat,dwi,func
ds003097	sub-0019	n/a	0	3	0	0	17891966	n/a	n/a	n/a	n/a	n/a	0	n/a	anat,dwi
ds003097	sub-0020	n/a	0	3	0	0	21427478	n/a	n/a	n/a	n/a	n/a	0	n/a	anat,dwi
ds003097	sub-0021	n/a	1	3	0	41215219	22465533	638.0000138282776	638.0000138282776	131712	131712.0	moviewatching	290	{"2.2":1}	anat,dwi,func
ds003097	sub-0022	n/a	1	3	0	36535015	21044760	638.0000138282776	638.0000138282776	127008	127008.0	moviewatching	290	{"2.2":1}	anat,dwi,func
ds003097	sub-0023	n/a	0	3	0	0	20554457	n/a	n/a	n/a	n/a	n/a	0	n/a	anat,dwi
ds003097	sub-0024	n/a	1	3	0	49816475	20202215	638.0000138282776	638.0000138282776	150528	150528.0	moviewatching	290	{"2.2":1}	anat,dwi,func
ds003097	sub-0025	n/a	1	3	0	47668612	17899262	638.0000138282776	638.0000138282776	142464	142464.0	moviewatching	290	{"2.2":1}	anat,dwi,func
ds003097	sub-0026	n/a	0	3	0	0	21226382	n/a	n/a	n/a	n/a	n/a	0	n/a	anat,dwi
ds003097	sub-0027	n/a	1	3	0	49059285	22135576	638.0000138282776	638.0000138282776	150528	150528.0	moviewatching	290	{"2.2":1}	anat,dwi,func
ds003097	sub-0028	n/a	0	3	0	0	20275062	n/a	n/a	n/a	n/a	n/a	0	n/a	anat,dwi
ds003097	sub-0029	n/a	1	3	0	41040003	20458377	638.0000138282776	638.0000138282776	139776	139776.0	moviewatching	290	{"2.2":1}	anat,dwi,func
ds003097	sub-0030	n/a	1	3	0	51501402	21595554	638.0000138282776	638.0000138282776	147840	147840.0	moviewatching	290	{"2.2":1}	anat,dwi,func
ds003097	sub-0031	n/a	1	3	0	46015399	21568188	638.0000138282776	638.0000138282776	147840	147840.0	moviewatching	290	{"2.2":1}	anat,dwi,func
ds003097	sub-0032	n/a	1	3	0	39822217	21325269	638.0000138282776	638.0000138282776	129654	129654.0	moviewatching	290	{"2.2":1}	anat,dwi,func
ds003097	sub-0033	n/a	1	3	0	48790645	21163356	638.0000138282776	638.0000138282776	150528	150528.0	moviewatching	290	{"2.2":1}	anat,dwi,func
ds003097	sub-0034	n/a	1	3	0	41335316	20169507	638.0000138282776	638.0000138282776	134946	134946.0	moviewatching	290	{"2.2":1}	anat,dwi,func
ds003097	sub-0035	n/a	1	3	0	39622206	20876404	638.0000138282776	638.0000138282776	134400	134400.0	moviewatching	290	{"2.2":1}	anat,func
ds003097	sub-0036	n/a	1	3	0	40469544	21297504	638.0000138282776	638.0000138282776	137592	137592.0	moviewatching	290	{"2.2":1}	anat,dwi,func
ds003097	sub-0037	n/a	1	3	0	47239871	20297971	638.0000138282776	638.0000138282776	153216	153216.0	moviewatching	290	{"2.2":1}	anat,dwi,func
ds003097	sub-0038	n/a	1	3	0	43194121	20573205	638.0000138282776	638.0000138282776	145152	145152.0	moviewatching	290	{"2.2":1}	anat,dwi,func
ds003097	sub-0039	n/a	1	3	0	53944923	21854482	638.0000138282776	638.0000138282776	155904	155904.0	moviewatching	290	{"2.2":1}	anat,dwi,func
ds003097	sub-0040	n/a	1	3	0	48206766	19960733	638.0000138282776	638.0000138282776	145152	145152.0	moviewatching	290	{"2.2":1}	anat,dwi,func
ds003097	sub-0041	n/a	1	2	0	41101407	14247123	638.0000138282776	638.0000138282776	137088	137088.0	moviewatching	290	{"2.2":1}	anat,dwi,func
ds003097	sub-0042	n/a	1	3	0	47331125	23818476	638.0000138282776	638.0000138282776	142464	142464.0	moviewatching	290	{"2.2":1}	anat,dwi,func
ds003097	sub-0043	n/a	1	3	0	50869217	21811392	638.0000138282776	638.0000138282776	153216	153216.0	moviewatching	290	{"2.2":1}	anat,dwi,func
ds003097	sub-0044	n/a	1	3	0	47320204	21082304	638.0000138282776	638.0000138282776	147840	147840.0	moviewatching	290	{"2.2":1}	anat,dwi,func
ds003097	sub-0045	n/a	1	3	0	38507526	22020910	638.0000138282776	638.0000138282776	135408	135408.0	moviewatching	290	{"2.2":1}	anat,dwi,func
ds003097	sub-0046	n/a	1	3	0	48275865	19744316	638.0000138282776	638.0000138282776	137088	137088.0	moviewatching	290	{"2.2":1}	anat,dwi,func
ds003097	sub-0047	n/a	1	3	0	45868475	20455756	638.0000138282776	638.0000138282776	150528	150528.0	moviewatching	290	{"2.2":1}	anat,dwi,func
ds003097	sub-0048	n/a	1	3	0	56057049	21888914	638.0000138282776	638.0000138282776	153216	153216.0	moviewatching	290	{"2.2":1}	anat,dwi,func
ds003097	sub-0049	n/a	1	3	0	35061143	21382618	638.0000138282776	638.0000138282776	122304	122304.0	moviewatching	290	{"2.2":1}	anat,dwi,func
ds003097	sub-0050	n/a	1	3	0	49065144	20008869	638.0000138282776	638.0000138282776	155904	155904.0	moviewatching	290	{"2.2":1}	anat,dwi,func
ds003097	sub-0051	n/a	1	3	0	48877149	21558551	638.0000138282776	638.0000138282776	147840	147840.0	moviewatching	290	{"2.2":1}	anat,dwi,func
ds003097	sub-0052	n/a	1	3	0	45066539	18733543	638.0000138282776	638.0000138282776	137088	137088.0	moviewatching	290	{"2.2":1}	anat,dwi,func
ds003097	sub-0053	n/a	1	3	0	50724388	19212179	638.0000138282776	638.0000138282776	145152	145152.0	moviewatching	290	{"2.2":1}	anat,dwi,func
ds003097	sub-0054	n/a	1	3	0	40847384	21576630	638.0000138282776	638.0000138282776	134400	134400.0	moviewatching	290	{"2.2":1}	anat,dwi,func
ds003097	sub-0055	n/a	1	3	0	50890692	19064741	638.0000138282776	638.0000138282776	150528	150528.0	moviewatching	290	{"2.2":1}	anat,dwi,func
ds003097	sub-0056	n/a	1	2	0	41600794	12790786	638.0000138282776	638.0000138282776	142464	142464.0	moviewatching	290	{"2.2":1}	anat,dwi,func
ds003097	sub-0057	n/a	1	3	0	41471611	21665647	638.0000138282776	638.0000138282776	139776	139776.0	moviewatching	290	{"2.2":1}	anat,dwi,func
ds003097	sub-0058	n/a	1	3	0	39804318	20684858	638.0000138282776	638.0000138282776	134400	134400.0	moviewatching	290	{"2.2":1}	anat,dwi,func
ds003097	sub-0059	n/a	1	3	0	42338177	23641332	638.0000138282776	638.0000138282776	137088	137088.0	moviewatching	290	{"2.2":1}	anat,dwi,func
ds003097	sub-0060	n/a	1	3	0	50728626	23886196	638.0000138282776	638.0000138282776	139776	139776.0	moviewatching	290	{"2.2":1}	anat,dwi,func
ds003097	sub-0061	n/a	1	2	0	43493078	14563985	638.0000138282776	638.0000138282776	137088	137088.0	moviewatching	290	{"2.2":1}	anat,dwi,func
ds003097	sub-0062	n/a	1	3	0	48514840	21059204	638.0000138282776	638.0000138282776	142464	142464.0	moviewatching	290	{"2.2":1}	anat,dwi,func
ds003097	sub-0063	n/a	1	3	0	43011856	23069131	638.0000138282776	638.0000138282776	139776	139776.0	moviewatching	290	{"2.2":1}	anat,dwi,func
ds003097	sub-0064	n/a	1	3	0	47278029	20445796	638.0000138282776	638.0000138282776	142464	142464.0	moviewatching	290	{"2.2":1}	anat,dwi,func
ds003097	sub-0065	n/a	1	3	0	53426250	20369486	638.0000138282776	638.0000138282776	153216	153216.0	moviewatching	290	{"2.2":1}	anat,dwi,func
ds003097	sub-0066	n/a	1	3	0	52375268	22284509	638.0000138282776	638.0000138282776	145152	145152.0	moviewatching	290	{"2.2":1}	anat,dwi,func
ds003097	sub-0067	n/a	1	3	0	46647223	21083465	638.0000138282776	638.0000138282776	147840	147840.0	moviewatching	290	{"2.2":1}	anat,dwi,func
ds003097	sub-0068	n/a	1	3	0	40415251	20041182	638.0000138282776	638.0000138282776	138012	138012.0	moviewatching	290	{"2.2":1}	anat,dwi,func
ds003097	sub-0069	n/a	1	3	0	47875534	22952692	638.0000138282776	638.0000138282776	153216	153216.0	moviewatching	290	{"2.2":1}	anat,dwi,func
ds003097	sub-0070	n/a	1	3	0	38797913	21484498	638.0000138282776	638.0000138282776	147840	147840.0	moviewatching	290	{"2.2":1}	anat,dwi,func
ds003097	sub-0071	n/a	1	3	0	44037241	22417386	638.0000138282776	638.0000138282776	142464	142464.0	moviewatching	290	{"2.2":1}	anat,dwi,func
ds003097	sub-0072	n/a	1	3	0	37128670	20832699	638.0000138282776	638.0000138282776	126336	126336.0	moviewatching	290	{"2.2":1}	anat,dwi,func
ds003097	sub-0073	n/a	1	3	0	43145081	20145684	638.0000138282776	638.0000138282776	142464	142464.0	moviewatching	290	{"2.2":1}	anat,dwi,func
ds003097	sub-0074	n/a	1	3	0	47661785	21836075	638.0000138282776	638.0000138282776	150528	150528.0	moviewatching	290	{"2.2":1}	anat,dwi,func
ds003097	sub-0075	n/a	1	3	0	52959806	20796326	638.0000138282776	638.0000138282776	147840	147840.0	moviewatching	290	{"2.2":1}	anat,dwi,func
ds003097	sub-0076	n/a	1	3	0	49390694	19873718	638.0000138282776	638.0000138282776	137088	137088.0	moviewatching	290	{"2.2":1}	anat,dwi,func
ds003097	sub-0077	n/a	1	3	0	45858142	22419799	638.0000138282776	638.0000138282776	142464	142464.0	moviewatching	290	{"2.2":1}	anat,dwi,func
ds003097	sub-0078	n/a	1	3	0	55974251	18942898	638.0000138282776	638.0000138282776	150528	150528.0	moviewatching	290	{"2.2":1}	anat,dwi,func
ds003097	sub-0079	n/a	1	3	0	44769684	22126027	638.0000138282776	638.0000138282776	150528	150528.0	moviewatching	290	{"2.2":1}	anat,dwi,func
ds003097	sub-0080	n/a	1	3	0	36507821	18809864	638.0000138282776	638.0000138282776	128100	128100.0	moviewatching	290	{"2.2":1}	anat,dwi,func
ds003097	sub-0081	n/a	1	3	0	48185300	20642963	638.0000138282776	638.0000138282776	137088	137088.0	moviewatching	290	{"2.2":1}	anat,dwi,func
ds003097	sub-0082	n/a	1	3	0	51452692	21020603	638.0000138282776	638.0000138282776	142464	142464.0	moviewatching	290	{"2.2":1}	anat,dwi,func
ds003097	sub-0083	n/a	1	3	0	51660780	21105423	638.0000138282776	638.0000138282776	147840	147840.0	moviewatching	290	{"2.2":1}	anat,dwi,func
ds003097	sub-0084	n/a	1	3	0	53211316	20222289	638.0000138282776	638.0000138282776	153216	153216.0	moviewatching	290	{"2.2":1}	anat,dwi,func
ds003097	sub-0085	n/a	1	3	0	53474551	19882051	638.0000138282776	638.0000138282776	153216	153216.0	moviewatching	290	{"2.2":1}	anat,dwi,func
ds003097	sub-0086	n/a	1	3	0	47172541	19260283	638.0000138282776	638.0000138282776	142464	142464.0	moviewatching	290	{"2.2":1}	anat,dwi,func
ds003097	sub-0087	n/a	1	3	0	42328832	22856329	638.0000138282776	638.0000138282776	139776	139776.0	moviewatching	290	{"2.2":1}	anat,dwi,func
ds003097	sub-0088	n/a	1	3	0	52016153	19670337	638.0000138282776	638.0000138282776	147840	147840.0	moviewatching	290	{"2.2":1}	anat,dwi,func
ds003097	sub-0089	n/a	1	3	0	50607636	20626341	638.0000138282776	638.0000138282776	139776	139776.0	moviewatching	290	{"2.2":1}	anat,dwi,func
ds003097	sub-0090	n/a	1	3	0	40611581	20306396	638.0000138282776	638.0000138282776	134400	134400.0	moviewatching	290	{"2.2":1}	anat,dwi,func
ds003097	sub-0091	n/a	1	3	0	53634596	21212277	638.0000138282776	638.0000138282776	150528	150528.0	moviewatching	290	{"2.2":1}	anat,dwi,func
ds003097	sub-0092	n/a	1	3	0	36327762	20531086	638.0000138282776	638.0000138282776	121716	121716.0	moviewatching	290	{"2.2":1}	anat,dwi,func
ds003097	sub-0093	n/a	0	3	0	0	19405511	n/a	n/a	n/a	n/a	n/a	0	n/a	anat,dwi
ds003097	sub-0094	n/a	1	3	0	48286238	19604964	638.0000138282776	638.0000138282776	137088	137088.0	moviewatching	290	{"2.2":1}	anat,dwi,func
ds003097	sub-0095	n/a	1	3	0	35804137	22331545	638.0000138282776	638.0000138282776	127008	127008.0	moviewatching	290	{"2.2":1}	anat,dwi,func
ds003097	sub-0096	n/a	1	3	0	56730064	21291614	638.0000138282776	638.0000138282776	150528	150528.0	moviewatching	290	{"2.2":1}	anat,dwi,func
ds003097	sub-0097	n/a	1	3	0	39103700	22384382	638.0000138282776	638.0000138282776	130200	130200.0	moviewatching	290	{"2.2":1}	anat,dwi,func
ds003097	sub-0098	n/a	1	3	0	38072484	20083150	638.0000138282776	638.0000138282776	129024	129024.0	moviewatching	290	{"2.2":1}	anat,dwi,func
ds003097	sub-0099	n/a	1	3	0	49750386	22253901	638.0000138282776	638.0000138282776	139776	139776.0	moviewatching	290	{"2.2":1}	anat,dwi,func
ds003097	sub-0100	n/a	1	3	0	51457619	21186368	638.0000138282776	638.0000138282776	147840	147840.0	moviewatching	290	{"2.2":1}	anat,dwi,func
ds003097	sub-0101	n/a	0	3	0	0	20897080	n/a	n/a	n/a	n/a	n/a	0	n/a	anat,dwi
ds003097	sub-0102	n/a	1	3	0	56415586	21590305	638.0000138282776	638.0000138282776	153216	153216.0	moviewatching	290	{"2.2":1}	anat,dwi,func
ds003097	sub-0103	n/a	1	3	0	45389308	21126267	638.0000138282776	638.0000138282776	147840	147840.0	moviewatching	290	{"2.2":1}	anat,dwi,func
ds003097	sub-0104	n/a	1	3	0	35916587	20263167	638.0000138282776	638.0000138282776	122976	122976.0	moviewatching	290	{"2.2":1}	anat,dwi,func
ds003097	sub-0105	n/a	1	3	0	49830747	21595040	638.0000138282776	638.0000138282776	137088	137088.0	moviewatching	290	{"2.2":1}	anat,dwi,func
ds003097	sub-0106	n/a	1	3	0	53249081	20805264	638.0000138282776	638.0000138282776	145152	145152.0	moviewatching	290	{"2.2":1}	anat,dwi,func
ds003097	sub-0107	n/a	1	3	0	48761322	21194027	638.0000138282776	638.0000138282776	142464	142464.0	moviewatching	290	{"2.2":1}	anat,dwi,func
ds003097	sub-0108	n/a	1	3	0	38578687	22279428	638.0000138282776	638.0000138282776	132804	132804.0	moviewatching	290	{"2.2":1}	anat,dwi,func
ds003097	sub-0109	n/a	1	3	0	41792127	20843745	638.0000138282776	638.0000138282776	139776	139776.0	moviewatching	290	{"2.2":1}	anat,dwi,func
ds003097	sub-0110	n/a	1	3	0	49887121	23155292	638.0000138282776	638.0000138282776	142464	142464.0	moviewatching	290	{"2.2":1}	anat,dwi,func
ds003097	sub-0111	n/a	1	3	0	56859373	21498611	638.0000138282776	638.0000138282776	153216	153216.0	moviewatching	290	{"2.2":1}	anat,dwi,func
ds003097	sub-0112	n/a	1	3	0	53398774	19144926	638.0000138282776	638.0000138282776	153216	153216.0	moviewatching	290	{"2.2":1}	anat,dwi,func
ds003097	sub-0113	n/a	1	3	0	50304357	21791251	638.0000138282776	638.0000138282776	139776	139776.0	moviewatching	290	{"2.2":1}	anat,dwi,func
ds003097	sub-0114	n/a	1	3	0	46760059	19563628	638.0000138282776	638.0000138282776	139776	139776.0	moviewatching	290	{"2.2":1}	anat,dwi,func
ds003097	sub-0115	n/a	1	3	0	52441507	22137360	638.0000138282776	638.0000138282776	145152	145152.0	moviewatching	290	{"2.2":1}	anat,dwi,func
ds003097	sub-0116	n/a	1	3	0	50393270	20490623	638.0000138282776	638.0000138282776	155904	155904.0	moviewatching	290	{"2.2":1}	anat,dwi,func
ds003097	sub-0117	n/a	1	3	0	35185825	21272358	638.0000138282776	638.0000138282776	124992	124992.0	moviewatching	290	{"2.2":1}	anat,dwi,func
ds003097	sub-0118	n/a	1	3	0	56875712	21063716	638.0000138282776	638.0000138282776	153216	153216.0	moviewatching	290	{"2.2":1}	anat,dwi,func
ds003097	sub-0119	n/a	1	2	0	37632223	12420333	638.0000138282776	638.0000138282776	130200	130200.0	moviewatching	290	{"2.2":1}	anat,dwi,func
ds003097	sub-0120	n/a	1	3	0	53544865	21406254	638.0000138282776	638.0000138282776	142464	142464.0	moviewatching	290	{"2.2":1}	anat,dwi,func
ds003097	sub-0121	n/a	1	3	0	47649416	19986479	638.0000138282776	638.0000138282776	145152	145152.0	moviewatching	290	{"2.2":1}	anat,dwi,func
ds003097	sub-0122	n/a	1	3	0	38800242	19555357	638.0000138282776	638.0000138282776	137088	137088.0	moviewatching	290	{"2.2":1}	anat,dwi,func
ds003097	sub-0123	n/a	1	3	0	50752355	20653726	638.0000138282776	638.0000138282776	153216	153216.0	moviewatching	290	{"2.2":1}	anat,dwi,func
ds003097	sub-0124	n/a	1	3	0	37133286	23016390	638.0000138282776	638.0000138282776	127100	127100.0	moviewatching	290	{"2.2":1}	anat,dwi,func
ds003097	sub-0125	n/a	1	3	0	39398319	22674216	638.0000138282776	638.0000138282776	139776	139776.0	moviewatching	290	{"2.2":1}	anat,dwi,func
ds003097	sub-0126	n/a	1	3	0	31627908	19511967	638.0000138282776	638.0000138282776	110044	110044.0	moviewatching	290	{"2.2":1}	anat,dwi,func
ds003097	sub-0127	n/a	1	2	0	50163493	13230550	638.0000138282776	638.0000138282776	145152	145152.0	moviewatching	290	{"2.2":1}	anat,dwi,func
ds003097	sub-0128	n/a	1	3	0	57732271	20184581	638.0000138282776	638.0000138282776	155904	155904.0	moviewatching	290	{"2.2":1}	anat,dwi,func
ds003097	sub-0129	n/a	1	3	0	50228699	20141467	638.0000138282776	638.0000138282776	145152	145152.0	moviewatching	290	{"2.2":1}	anat,dwi,func
ds003097	sub-0130	n/a	1	3	0	46846522	20928906	638.0000138282776	638.0000138282776	147840	147840.0	moviewatching	290	{"2.2":1}	anat,dwi,func
ds003097	sub-0131	n/a	1	3	0	38347541	20847451	638.0000138282776	638.0000138282776	131712	131712.0	moviewatching	290	{"2.2":1}	anat,dwi,func
ds003097	sub-0132	n/a	1	3	0	52182583	21092227	638.0000138282776	638.0000138282776	145152	145152.0	moviewatching	290	{"2.2":1}	anat,dwi,func
ds003097	sub-0133	n/a	1	3	0	35645213	21802080	638.0000138282776	638.0000138282776	121422	121422.0	moviewatching	290	{"2.2":1}	anat,dwi,func
ds003097	sub-0134	n/a	1	3	0	49707814	20691262	638.0000138282776	638.0000138282776	147840	147840.0	moviewatching	290	{"2.2":1}	anat,dwi,func
ds003097	sub-0135	n/a	1	3	0	51994549	22811110	638.0000138282776	638.0000138282776	147840	147840.0	moviewatching	290	{"2.2":1}	anat,dwi,func
ds003097	sub-0136	n/a	1	3	0	39340419	21494398	638.0000138282776	638.0000138282776	134400	134400.0	moviewatching	290	{"2.2":1}	anat,dwi,func
ds003097	sub-0137	n/a	1	3	0	44934542	21008337	638.0000138282776	638.0000138282776	139776	139776.0	moviewatching	290	{"2.2":1}	anat,dwi,func
ds003097	sub-0138	n/a	1	3	0	47439918	20293368	638.0000138282776	638.0000138282776	145152	145152.0	moviewatching	290	{"2.2":1}	anat,dwi,func
ds003097	sub-0139	n/a	1	3	0	39210189	19108077	638.0000138282776	638.0000138282776	137088	137088.0	moviewatching	290	{"2.2":1}	anat,dwi,func
ds003097	sub-0140	n/a	1	3	0	52256659	20287914	638.0000138282776	638.0000138282776	153216	153216.0	moviewatching	290	{"2.2":1}	anat,dwi,func
ds003097	sub-0141	n/a	1	3	0	46436108	20090411	638.0000138282776	638.0000138282776	145152	145152.0	moviewatching	290	{"2.2":1}	anat,dwi,func
ds003097	sub-0142	n/a	1	3	0	47386598	20419558	638.0000138282776	638.0000138282776	142464	142464.0	moviewatching	290	{"2.2":1}	anat,dwi,func
ds003097	sub-0143	n/a	1	3	0	50919695	19946230	638.0000138282776	638.0000138282776	150528	150528.0	moviewatching	290	{"2.2":1}	anat,dwi,func
ds003097	sub-0144	n/a	0	3	0	0	20947735	n/a	n/a	n/a	n/a	n/a	0	n/a	anat,dwi
ds003097	sub-0145	n/a	1	3	0	53154962	20003374	638.0000138282776	638.0000138282776	150528	150528.0	moviewatching	290	{"2.2":1}	anat,dwi,func
ds003097	sub-0146	n/a	1	3	0	38756822	22312394	638.0000138282776	638.0000138282776	137088	137088.0	moviewatching	290	{"2.2":1}	anat,dwi,func
ds003097	sub-0147	n/a	1	3	0	39653297	21806416	638.0000138282776	638.0000138282776	130200	130200.0	moviewatching	290	{"2.2":1}	anat,dwi,func
ds003097	sub-0148	n/a	1	3	0	41961454	20060361	638.0000138282776	638.0000138282776	142464	142464.0	moviewatching	290	{"2.2":1}	anat,dwi,func
ds003097	sub-0149	n/a	1	3	0	43165001	22984132	638.0000138282776	638.0000138282776	145152	145152.0	moviewatching	290	{"2.2":1}	anat,dwi,func
ds003097	sub-0150	n/a	1	3	0	45830842	20233788	638.0000138282776	638.0000138282776	147840	147840.0	moviewatching	290	{"2.2":1}	anat,dwi,func
ds003097	sub-0151	n/a	1	3	0	53869451	22141808	638.0000138282776	638.0000138282776	153216	153216.0	moviewatching	290	{"2.2":1}	anat,dwi,func
ds003097	sub-0152	n/a	1	3	0	38494963	21490685	638.0000138282776	638.0000138282776	128100	128100.0	moviewatching	290	{"2.2":1}	anat,dwi,func
ds003097	sub-0153	n/a	1	3	0	49698017	21127262	638.0000138282776	638.0000138282776	147840	147840.0	moviewatching	290	{"2.2":1}	anat,dwi,func
ds003097	sub-0154	n/a	1	3	0	38053310	20429213	638.0000138282776	638.0000138282776	132804	132804.0	moviewatching	290	{"2.2":1}	anat,dwi,func
ds003097	sub-0155	n/a	1	3	0	45336380	21462277	638.0000138282776	638.0000138282776	147840	147840.0	moviewatching	290	{"2.2":1}	anat,dwi,func
ds003097	sub-0156	n/a	1	3	0	41658492	20950895	638.0000138282776	638.0000138282776	137088	137088.0	moviewatching	290	{"2.2":1}	anat,dwi,func
ds003097	sub-0157	n/a	1	3	0	43920478	21249143	638.0000138282776	638.0000138282776	142464	142464.0	moviewatching	290	{"2.2":1}	anat,dwi,func
ds003097	sub-0158	n/a	1	3	0	37193622	20026412	638.0000138282776	638.0000138282776	127596	127596.0	moviewatching	290	{"2.2":1}	anat,dwi,func
ds003097	sub-0159	n/a	1	3	0	41227261	21731966	638.0000138282776	638.0000138282776	139776	139776.0	moviewatching	290	{"2.2":1}	anat,dwi,func
ds003097	sub-0160	n/a	1	3	0	49119322	19489201	638.0000138282776	638.0000138282776	142464	142464.0	moviewatching	290	{"2.2":1}	anat,dwi,func
ds003097	sub-0161	n/a	1	3	0	48749223	19505678	638.0000138282776	638.0000138282776	142464	142464.0	moviewatching	290	{"2.2":1}	anat,dwi,func
ds003097	sub-0162	n/a	1	3	0	46024201	23568700	638.0000138282776	638.0000138282776	142464	142464.0	moviewatching	290	{"2.2":1}	anat,dwi,func
ds003097	sub-0163	n/a	1	3	0	41911304	21723589	638.0000138282776	638.0000138282776	137088	137088.0	moviewatching	290	{"2.2":1}	anat,dwi,func
ds003097	sub-0164	n/a	1	3	0	50239203	19682186	638.0000138282776	638.0000138282776	142464	142464.0	moviewatching	290	{"2.2":1}	anat,dwi,func
ds003097	sub-0165	n/a	1	3	0	40738162	19755777	638.0000138282776	638.0000138282776	139776	139776.0	moviewatching	290	{"2.2":1}	anat,dwi,func
ds003097	sub-0166	n/a	1	3	0	49297180	21781011	638.0000138282776	638.0000138282776	137088	137088.0	moviewatching	290	{"2.2":1}	anat,dwi,func
ds003097	sub-0167	n/a	1	3	0	49948397	22377981	638.0000138282776	638.0000138282776	147840	147840.0	moviewatching	290	{"2.2":1}	anat,dwi,func
ds003097	sub-0168	n/a	1	3	0	45385751	20174272	638.0000138282776	638.0000138282776	145152	145152.0	moviewatching	290	{"2.2":1}	anat,dwi,func
ds003097	sub-0169	n/a	1	3	0	51421294	23598095	638.0000138282776	638.0000138282776	169344	169344.0	moviewatching	290	{"2.2":1}	anat,dwi,func
ds003097	sub-0170	n/a	1	3	0	52946740	19954198	638.0000138282776	638.0000138282776	155904	155904.0	moviewatching	290	{"2.2":1}	anat,dwi,func
ds003097	sub-0171	n/a	1	3	0	50020553	21902244	638.0000138282776	638.0000138282776	137088	137088.0	moviewatching	290	{"2.2":1}	anat,dwi,func
ds003097	sub-0172	n/a	1	3	0	50006305	20715820	638.0000138282776	638.0000138282776	145152	145152.0	moviewatching	290	{"2.2":1}	anat,dwi,func
ds003097	sub-0173	n/a	1	3	0	46637949	20714794	638.0000138282776	638.0000138282776	142464	142464.0	moviewatching	290	{"2.2":1}	anat,dwi,func
ds003097	sub-0174	n/a	1	2	0	37004301	13610739	638.0000138282776	638.0000138282776	127596	127596.0	moviewatching	290	{"2.2":1}	anat,dwi,func
ds003097	sub-0175	n/a	1	3	0	53354254	23038884	638.0000138282776	638.0000138282776	150528	150528.0	moviewatching	290	{"2.2":1}	anat,dwi,func
ds003097	sub-0176	n/a	1	3	0	57225864	21290481	638.0000138282776	638.0000138282776	169344	169344.0	moviewatching	290	{"2.2":1}	anat,dwi,func
ds003097	sub-0177	n/a	0	3	0	0	20673470	n/a	n/a	n/a	n/a	n/a	0	n/a	anat,dwi
ds003097	sub-0178	n/a	1	3	0	49665742	18779864	638.0000138282776	638.0000138282776	139776	139776.0	moviewatching	290	{"2.2":1}	anat,dwi,func
ds003097	sub-0179	n/a	1	3	0	52687142	22709444	638.0000138282776	638.0000138282776	142464	142464.0	moviewatching	290	{"2.2":1}	anat,dwi,func
ds003097	sub-0180	n/a	1	3	0	51566697	20476838	638.0000138282776	638.0000138282776	145152	145152.0	moviewatching	290	{"2.2":1}	anat,dwi,func
ds003097	sub-0181	n/a	1	3	0	46483792	20932680	638.0000138282776	638.0000138282776	145152	145152.0	moviewatching	290	{"2.2":1}	anat,dwi,func
ds003097	sub-0182	n/a	1	3	0	47911328	21312983	638.0000138282776	638.0000138282776	139776	139776.0	moviewatching	290	{"2.2":1}	anat,dwi,func
ds003097	sub-0183	n/a	1	3	0	53899771	20243807	638.0000138282776	638.0000138282776	147840	147840.0	moviewatching	290	{"2.2":1}	anat,dwi,func
ds003097	sub-0184	n/a	1	3	0	54903951	21647102	638.0000138282776	638.0000138282776	153216	153216.0	moviewatching	290	{"2.2":1}	anat,dwi,func
ds003097	sub-0185	n/a	1	3	0	55501228	20805732	638.0000138282776	638.0000138282776	153216	153216.0	moviewatching	290	{"2.2":1}	anat,dwi,func
ds003097	sub-0186	n/a	1	3	0	50928171	20536335	638.0000138282776	638.0000138282776	142464	142464.0	moviewatching	290	{"2.2":1}	anat,dwi,func
ds003097	sub-0187	n/a	1	3	0	48548891	19880391	638.0000138282776	638.0000138282776	145152	145152.0	moviewatching	290	{"2.2":1}	anat,dwi,func
ds003097	sub-0188	n/a	1	3	0	43618393	22398306	638.0000138282776	638.0000138282776	142464	142464.0	moviewatching	290	{"2.2":1}	anat,dwi,func
ds003097	sub-0189	n/a	1	3	0	42664673	22991558	638.0000138282776	638.0000138282776	137088	137088.0	moviewatching	290	{"2.2":1}	anat,dwi,func
ds003097	sub-0190	n/a	0	3	0	0	22199301	n/a	n/a	n/a	n/a	n/a	0	n/a	anat,dwi
ds003097	sub-0191	n/a	1	3	0	48460581	20596096	638.0000138282776	638.0000138282776	145152	145152.0	moviewatching	290	{"2.2":1}	anat,dwi,func
ds003097	sub-0192	n/a	1	3	0	35457992	22943843	638.0000138282776	638.0000138282776	122388	122388.0	moviewatching	290	{"2.2":1}	anat,dwi,func
ds003097	sub-0193	n/a	1	3	0	53328625	21893242	638.0000138282776	638.0000138282776	153216	153216.0	moviewatching	290	{"2.2":1}	anat,dwi,func
ds003097	sub-0194	n/a	1	3	0	51818766	20848437	638.0000138282776	638.0000138282776	145152	145152.0	moviewatching	290	{"2.2":1}	anat,dwi,func
ds003097	sub-0195	n/a	1	3	0	48339604	20931134	638.0000138282776	638.0000138282776	145152	145152.0	moviewatching	290	{"2.2":1}	anat,dwi,func
ds003097	sub-0196	n/a	1	3	0	54521509	22612261	638.0000138282776	638.0000138282776	145152	145152.0	moviewatching	290	{"2.2":1}	anat,dwi,func
ds003097	sub-0197	n/a	1	3	0	42218116	20410096	638.0000138282776	638.0000138282776	139776	139776.0	moviewatching	290	{"2.2":1}	anat,dwi,func
ds003097	sub-0198	n/a	1	3	0	40377337	21848741	638.0000138282776	638.0000138282776	137088	137088.0	moviewatching	290	{"2.2":1}	anat,dwi,func
ds003097	sub-0199	n/a	1	3	0	48221412	19253727	638.0000138282776	638.0000138282776	139776	139776.0	moviewatching	290	{"2.2":1}	anat,dwi,func
ds003097	sub-0200	n/a	1	3	0	55726458	21679747	638.0000138282776	638.0000138282776	139776	139776.0	moviewatching	290	{"2.2":1}	anat,dwi,func
ds003097	sub-0201	n/a	0	3	0	0	21055500	n/a	n/a	n/a	n/a	n/a	0	n/a	anat,dwi
ds003097	sub-0202	n/a	1	3	0	41615586	22182356	638.0000138282776	638.0000138282776	142464	142464.0	moviewatching	290	{"2.2":1}	anat,dwi,func
ds003097	sub-0203	n/a	1	3	0	50766790	21292217	638.0000138282776	638.0000138282776	139776	139776.0	moviewatching	290	{"2.2":1}	anat,dwi,func
ds003097	sub-0204	n/a	1	3	0	46545191	21148693	638.0000138282776	638.0000138282776	145152	145152.0	moviewatching	290	{"2.2":1}	anat,dwi,func
ds003097	sub-0205	n/a	1	3	0	46759579	18086634	638.0000138282776	638.0000138282776	142464	142464.0	moviewatching	290	{"2.2":1}	anat,dwi,func
ds003097	sub-0206	n/a	1	3	0	46357037	23751478	638.0000138282776	638.0000138282776	137088	137088.0	moviewatching	290	{"2.2":1}	anat,dwi,func
ds003097	sub-0207	n/a	1	3	0	45395361	19120787	638.0000138282776	638.0000138282776	147840	147840.0	moviewatching	290	{"2.2":1}	anat,dwi,func
ds003097	sub-0208	n/a	1	3	0	53973664	21543873	638.0000138282776	638.0000138282776	153216	153216.0	moviewatching	290	{"2.2":1}	anat,dwi,func
ds003097	sub-0209	n/a	1	3	0	38515350	21088143	638.0000138282776	638.0000138282776	134400	134400.0	moviewatching	290	{"2.2":1}	anat,dwi,func
ds003097	sub-0210	n/a	1	3	0	50584622	21880620	638.0000138282776	638.0000138282776	155904	155904.0	moviewatching	290	{"2.2":1}	anat,dwi,func
ds003097	sub-0211	n/a	1	3	0	54626491	16821441	638.0000138282776	638.0000138282776	158592	158592.0	moviewatching	290	{"2.2":1}	anat,dwi,func
ds003097	sub-0212	n/a	1	3	0	38520616	20744054	638.0000138282776	638.0000138282776	126336	126336.0	moviewatching	290	{"2.2":1}	anat,dwi,func
ds003097	sub-0213	n/a	1	3	0	46972755	19946750	638.0000138282776	638.0000138282776	142464	142464.0	moviewatching	290	{"2.2":1}	anat,dwi,func
ds003097	sub-0214	n/a	1	3	0	50702705	20433862	638.0000138282776	638.0000138282776	145152	145152.0	moviewatching	290	{"2.2":1}	anat,dwi,func
ds003097	sub-0215	n/a	1	3	0	42265747	19377769	638.0000138282776	638.0000138282776	145152	145152.0	moviewatching	290	{"2.2":1}	anat,dwi,func
ds003097	sub-0216	n/a	0	3	0	0	20157778	n/a	n/a	n/a	n/a	n/a	0	n/a	anat,dwi
ds003097	sub-0217	n/a	1	3	0	44022629	18648653	638.0000138282776	638.0000138282776	137088	137088.0	moviewatching	290	{"2.2":1}	anat,dwi,func
ds003097	sub-0218	n/a	1	3	0	44808766	19577166	638.0000138282776	638.0000138282776	145152	145152.0	moviewatching	290	{"2.2":1}	anat,dwi,func
ds003097	sub-0219	n/a	1	3	0	38341079	21725819	638.0000138282776	638.0000138282776	127596	127596.0	moviewatching	290	{"2.2":1}	anat,dwi,func
ds003097	sub-0220	n/a	1	3	0	47613408	23023777	638.0000138282776	638.0000138282776	150528	150528.0	moviewatching	290	{"2.2":1}	anat,dwi,func
ds003097	sub-0221	n/a	1	3	0	50090860	20945980	638.0000138282776	638.0000138282776	150528	150528.0	moviewatching	290	{"2.2":1}	anat,dwi,func
ds003097	sub-0222	n/a	1	3	0	43235111	23873042	638.0000138282776	638.0000138282776	139776	139776.0	moviewatching	290	{"2.2":1}	anat,dwi,func
ds003097	sub-0223	n/a	1	3	0	47786602	19057023	638.0000138282776	638.0000138282776	130662	130662.0	moviewatching	290	{"2.2":1}	anat,dwi,func
ds003097	sub-0224	n/a	1	3	0	59978837	20886485	638.0000138282776	638.0000138282776	150528	150528.0	moviewatching	290	{"2.2":1}	anat,dwi,func
ds003097	sub-0225	n/a	1	3	0	43206345	22827609	638.0000138282776	638.0000138282776	142464	142464.0	moviewatching	290	{"2.2":1}	anat,dwi,func
ds003097	sub-0226	n/a	1	3	0	46235041	22289167	638.0000138282776	638.0000138282776	139776	139776.0	moviewatching	290	{"2.2":1}	anat,dwi,func
ds003097	sub-0227	n/a	1	3	0	52331334	22433473	638.0000138282776	638.0000138282776	145152	145152.0	moviewatching	290	{"2.2":1}	anat,dwi,func
ds003097	sub-0228	n/a	1	3	0	42554745	23718869	638.0000138282776	638.0000138282776	139776	139776.0	moviewatching	290	{"2.2":1}	anat,dwi,func
ds003097	sub-0229	n/a	1	3	0	39290930	20698995	638.0000138282776	638.0000138282776	131712	131712.0	moviewatching	290	{"2.2":1}	anat,dwi,func
ds003097	sub-0230	n/a	1	3	0	50427893	19077732	638.0000138282776	638.0000138282776	142464	142464.0	moviewatching	290	{"2.2":1}	anat,dwi,func
ds003097	sub-0231	n/a	1	3	0	40122022	21671560	638.0000138282776	638.0000138282776	137088	137088.0	moviewatching	290	{"2.2":1}	anat,dwi,func
ds003097	sub-0232	n/a	1	3	0	38024367	20171088	638.0000138282776	638.0000138282776	132804	132804.0	moviewatching	290	{"2.2":1}	anat,dwi,func
ds003097	sub-0233	n/a	1	3	0	39305872	21125165	638.0000138282776	638.0000138282776	134400	134400.0	moviewatching	290	{"2.2":1}	anat,dwi,func
ds003097	sub-0234	n/a	1	3	0	46701590	22611838	638.0000138282776	638.0000138282776	150528	150528.0	moviewatching	290	{"2.2":1}	anat,dwi,func
ds003097	sub-0235	n/a	1	3	0	42372435	23036214	638.0000138282776	638.0000138282776	142464	142464.0	moviewatching	290	{"2.2":1}	anat,dwi,func
ds003097	sub-0236	n/a	1	3	0	37625072	20312786	638.0000138282776	638.0000138282776	125538	125538.0	moviewatching	290	{"2.2":1}	anat,dwi,func
ds003097	sub-0237	n/a	1	3	0	51468141	20799681	638.0000138282776	638.0000138282776	145152	145152.0	moviewatching	290	{"2.2":1}	anat,dwi,func
ds003097	sub-0238	n/a	1	3	0	47332498	17821069	638.0000138282776	638.0000138282776	137088	137088.0	moviewatching	290	{"2.2":1}	anat,dwi,func
ds003097	sub-0239	n/a	1	3	0	54189110	21669526	638.0000138282776	638.0000138282776	147840	147840.0	moviewatching	290	{"2.2":1}	anat,dwi,func
ds003097	sub-0240	n/a	1	3	0	51318231	19328874	638.0000138282776	638.0000138282776	147840	147840.0	moviewatching	290	{"2.2":1}	anat,dwi,func
ds003097	sub-0241	n/a	1	3	0	38165912	20114154	638.0000138282776	638.0000138282776	130200	130200.0	moviewatching	290	{"2.2":1}	anat,dwi,func
ds003097	sub-0242	n/a	1	3	0	49734669	23165983	638.0000138282776	638.0000138282776	150528	150528.0	moviewatching	290	{"2.2":1}	anat,dwi,func
ds003097	sub-0243	n/a	1	3	0	37334169	19670759	638.0000138282776	638.0000138282776	128100	128100.0	moviewatching	290	{"2.2":1}	anat,dwi,func
ds003097	sub-0244	n/a	1	3	0	52884221	21461944	638.0000138282776	638.0000138282776	147840	147840.0	moviewatching	290	{"2.2":1}	anat,dwi,func
ds003097	sub-0245	n/a	1	3	0	42791902	22485514	638.0000138282776	638.0000138282776	137088	137088.0	moviewatching	290	{"2.2":1}	anat,dwi,func
ds003097	sub-0246	n/a	1	3	0	40317809	22329195	638.0000138282776	638.0000138282776	131712	131712.0	moviewatching	290	{"2.2":1}	anat,dwi,func
ds003097	sub-0247	n/a	1	3	0	43516561	21479695	638.0000138282776	638.0000138282776	142464	142464.0	moviewatching	290	{"2.2":1}	anat,dwi,func
ds003097	sub-0248	n/a	1	3	0	55593726	20565519	638.0000138282776	638.0000138282776	161280	161280.0	moviewatching	290	{"2.2":1}	anat,dwi,func
ds003097	sub-0249	n/a	1	3	0	58978714	19760408	638.0000138282776	638.0000138282776	166656	166656.0	moviewatching	290	{"2.2":1}	anat,dwi,func
ds003097	sub-0250	n/a	1	3	0	51700702	20930510	638.0000138282776	638.0000138282776	145152	145152.0	moviewatching	290	{"2.2":1}	anat,dwi,func
ds003097	sub-0251	n/a	1	3	0	40167544	20797871	638.0000138282776	638.0000138282776	130200	130200.0	moviewatching	290	{"2.2":1}	anat,dwi,func
ds003097	sub-0252	n/a	1	3	0	48382778	20599368	638.0000138282776	638.0000138282776	145152	145152.0	moviewatching	290	{"2.2":1}	anat,dwi,func
ds003097	sub-0253	n/a	1	3	0	42021701	22298265	638.0000138282776	638.0000138282776	137088	137088.0	moviewatching	290	{"2.2":1}	anat,dwi,func
ds003097	sub-0254	n/a	1	3	0	38017261	20169878	638.0000138282776	638.0000138282776	132300	132300.0	moviewatching	290	{"2.2":1}	anat,dwi,func
ds003097	sub-0255	n/a	1	3	0	50654330	22558039	638.0000138282776	638.0000138282776	142464	142464.0	moviewatching	290	{"2.2":1}	anat,dwi,func
ds003097	sub-0256	n/a	1	3	0	52179730	19901703	638.0000138282776	638.0000138282776	161280	161280.0	moviewatching	290	{"2.2":1}	anat,dwi,func
ds003097	sub-0257	n/a	1	3	0	46667168	20373944	638.0000138282776	638.0000138282776	139776	139776.0	moviewatching	290	{"2.2":1}	anat,dwi,func
ds003097	sub-0258	n/a	1	3	0	38367951	19736607	638.0000138282776	638.0000138282776	129024	129024.0	moviewatching	290	{"2.2":1}	anat,dwi,func
ds003097	sub-0259	n/a	1	3	0	37804981	20853451	638.0000138282776	638.0000138282776	127596	127596.0	moviewatching	290	{"2.2":1}	anat,dwi,func
ds003097	sub-0260	n/a	1	3	0	46282507	19523506	638.0000138282776	638.0000138282776	142464	142464.0	moviewatching	290	{"2.2":1}	anat,dwi,func
ds003097	sub-0261	n/a	1	3	0	42000328	21681645	638.0000138282776	638.0000138282776	139776	139776.0	moviewatching	290	{"2.2":1}	anat,dwi,func
ds003097	sub-0262	n/a	1	3	0	37219671	20673898	638.0000138282776	638.0000138282776	124992	124992.0	moviewatching	290	{"2.2":1}	anat,dwi,func
ds003097	sub-0263	n/a	1	3	0	38277488	19537993	638.0000138282776	638.0000138282776	131712	131712.0	moviewatching	290	{"2.2":1}	anat,dwi,func
ds003097	sub-0264	n/a	1	3	0	34407738	18414413	638.0000138282776	638.0000138282776	123648	123648.0	moviewatching	290	{"2.2":1}	anat,dwi,func
ds003097	sub-0265	n/a	1	3	0	41750966	21444180	638.0000138282776	638.0000138282776	137088	137088.0	moviewatching	290	{"2.2":1}	anat,dwi,func
ds003097	sub-0266	n/a	1	3	0	38308809	21963052	638.0000138282776	638.0000138282776	134400	134400.0	moviewatching	290	{"2.2":1}	anat,dwi,func
ds003097	sub-0267	n/a	1	3	0	56323986	19065590	638.0000138282776	638.0000138282776	161280	161280.0	moviewatching	290	{"2.2":1}	anat,dwi,func
ds003097	sub-0268	n/a	1	3	0	52201149	22147385	638.0000138282776	638.0000138282776	142464	142464.0	moviewatching	290	{"2.2":1}	anat,dwi,func
ds003097	sub-0269	n/a	1	3	0	56933196	19947425	638.0000138282776	638.0000138282776	158592	158592.0	moviewatching	290	{"2.2":1}	anat,dwi,func
ds003097	sub-0270	n/a	1	3	0	53553445	20674623	638.0000138282776	638.0000138282776	155904	155904.0	moviewatching	290	{"2.2":1}	anat,dwi,func
ds003097	sub-0271	n/a	1	3	0	63426784	21292771	638.0000138282776	638.0000138282776	169344	169344.0	moviewatching	290	{"2.2":1}	anat,dwi,func
ds003097	sub-0272	n/a	1	3	0	38998386	21287714	638.0000138282776	638.0000138282776	130200	130200.0	moviewatching	290	{"2.2":1}	anat,dwi,func
ds003097	sub-0273	n/a	1	3	0	39717394	19999880	638.0000138282776	638.0000138282776	133224	133224.0	moviewatching	290	{"2.2":1}	anat,dwi,func
ds003097	sub-0274	n/a	1	3	0	50751063	21830109	638.0000138282776	638.0000138282776	150528	150528.0	moviewatching	290	{"2.2":1}	anat,dwi,func
ds003097	sub-0275	n/a	1	3	0	49354221	20713076	638.0000138282776	638.0000138282776	145152	145152.0	moviewatching	290	{"2.2":1}	anat,dwi,func
ds003097	sub-0276	n/a	1	3	0	42117096	22677229	638.0000138282776	638.0000138282776	137088	137088.0	moviewatching	290	{"2.2":1}	anat,dwi,func
ds003097	sub-0277	n/a	1	3	0	41252587	21996857	638.0000138282776	638.0000138282776	130200	130200.0	moviewatching	290	{"2.2":1}	anat,dwi,func
ds003097	sub-0278	n/a	1	3	0	36575246	20387587	638.0000138282776	638.0000138282776	119784	119784.0	moviewatching	290	{"2.2":1}	anat,dwi,func
ds003097	sub-0279	n/a	1	3	0	38275676	21510125	638.0000138282776	638.0000138282776	130200	130200.0	moviewatching	290	{"2.2":1}	anat,dwi,func
ds003097	sub-0280	n/a	1	3	0	54107189	22586898	638.0000138282776	638.0000138282776	145152	145152.0	moviewatching	290	{"2.2":1}	anat,dwi,func
ds003097	sub-0281	n/a	1	3	0	40893866	22330302	638.0000138282776	638.0000138282776	131712	131712.0	moviewatching	290	{"2.2":1}	anat,dwi,func
ds003097	sub-0282	n/a	1	3	0	52543790	21827468	638.0000138282776	638.0000138282776	145152	145152.0	moviewatching	290	{"2.2":1}	anat,dwi,func
ds003097	sub-0283	n/a	1	3	0	39620805	22782670	638.0000138282776	638.0000138282776	131712	131712.0	moviewatching	290	{"2.2":1}	anat,dwi,func
ds003097	sub-0284	n/a	1	3	0	48032703	18951047	638.0000138282776	638.0000138282776	145152	145152.0	moviewatching	290	{"2.2":1}	anat,dwi,func
ds003097	sub-0285	n/a	1	3	0	46523561	18293021	638.0000138282776	638.0000138282776	145152	145152.0	moviewatching	290	{"2.2":1}	anat,dwi,func
ds003097	sub-0286	n/a	1	3	0	35000230	19781592	638.0000138282776	638.0000138282776	118944	118944.0	moviewatching	290	{"2.2":1}	anat,dwi,func
ds003097	sub-0287	n/a	1	3	0	50418473	18796176	638.0000138282776	638.0000138282776	153216	153216.0	moviewatching	290	{"2.2":1}	anat,dwi,func
ds003097	sub-0288	n/a	1	3	0	49673623	19607119	638.0000138282776	638.0000138282776	145152	145152.0	moviewatching	290	{"2.2":1}	anat,dwi,func
ds003097	sub-0289	n/a	1	3	0	40191842	20691111	638.0000138282776	638.0000138282776	134400	134400.0	moviewatching	290	{"2.2":1}	anat,dwi,func
ds003097	sub-0290	n/a	1	3	0	48399551	20177144	638.0000138282776	638.0000138282776	142464	142464.0	moviewatching	290	{"2.2":1}	anat,dwi,func
ds003097	sub-0291	n/a	1	3	0	48741210	22707774	638.0000138282776	638.0000138282776	142464	142464.0	moviewatching	290	{"2.2":1}	anat,dwi,func
ds003097	sub-0292	n/a	1	3	0	36984414	22615422	638.0000138282776	638.0000138282776	124992	124992.0	moviewatching	290	{"2.2":1}	anat,dwi,func
ds003097	sub-0293	n/a	1	3	0	42641691	21928754	638.0000138282776	638.0000138282776	139776	139776.0	moviewatching	290	{"2.2":1}	anat,dwi,func
ds003097	sub-0294	n/a	1	2	0	41962999	15368717	638.0000138282776	638.0000138282776	134400	134400.0	moviewatching	290	{"2.2":1}	anat,dwi,func
ds003097	sub-0295	n/a	1	3	0	45776167	22697431	638.0000138282776	638.0000138282776	153216	153216.0	moviewatching	290	{"2.2":1}	anat,dwi,func
ds003097	sub-0296	n/a	1	3	0	45271538	19315948	638.0000138282776	638.0000138282776	145152	145152.0	moviewatching	290	{"2.2":1}	anat,dwi,func
ds003097	sub-0297	n/a	1	3	0	40303154	21675851	638.0000138282776	638.0000138282776	134400	134400.0	moviewatching	290	{"2.2":1}	anat,dwi,func
ds003097	sub-0298	n/a	1	3	0	50685290	21720808	638.0000138282776	638.0000138282776	147840	147840.0	moviewatching	290	{"2.2":1}	anat,dwi,func
ds003097	sub-0299	n/a	0	3	0	0	22250467	n/a	n/a	n/a	n/a	n/a	0	n/a	anat,dwi
ds003097	sub-0300	n/a	1	3	0	41385222	21883436	638.0000138282776	638.0000138282776	137088	137088.0	moviewatching	290	{"2.2":1}	anat,dwi,func
ds003097	sub-0301	n/a	1	3	0	37901044	22846619	638.0000138282776	638.0000138282776	128576	128576.0	moviewatching	290	{"2.2":1}	anat,dwi,func
ds003097	sub-0302	n/a	1	3	0	50797528	19646019	638.0000138282776	638.0000138282776	155904	155904.0	moviewatching	290	{"2.2":1}	anat,dwi,func
ds003097	sub-0303	n/a	1	3	0	37262604	19611928	638.0000138282776	638.0000138282776	128100	128100.0	moviewatching	290	{"2.2":1}	anat,dwi,func
ds003097	sub-0304	n/a	1	3	0	51731063	20574260	638.0000138282776	638.0000138282776	142464	142464.0	moviewatching	290	{"2.2":1}	anat,dwi,func
ds003097	sub-0305	n/a	1	3	0	55431615	21742848	638.0000138282776	638.0000138282776	147840	147840.0	moviewatching	290	{"2.2":1}	anat,dwi,func
ds003097	sub-0306	n/a	1	3	0	51222145	20377201	638.0000138282776	638.0000138282776	145152	145152.0	moviewatching	290	{"2.2":1}	anat,dwi,func
ds003097	sub-0307	n/a	1	3	0	50487602	21307428	638.0000138282776	638.0000138282776	147840	147840.0	moviewatching	290	{"2.2":1}	anat,dwi,func
ds003097	sub-0308	n/a	1	3	0	48180910	20941775	638.0000138282776	638.0000138282776	150528	150528.0	moviewatching	290	{"2.2":1}	anat,dwi,func
ds003097	sub-0309	n/a	1	3	0	36581362	20231701	638.0000138282776	638.0000138282776	122388	122388.0	moviewatching	290	{"2.2":1}	anat,dwi,func
ds003097	sub-0310	n/a	1	3	0	53727983	23627851	638.0000138282776	638.0000138282776	142464	142464.0	moviewatching	290	{"2.2":1}	anat,dwi,func
ds003097	sub-0311	n/a	1	3	0	45090032	22350105	638.0000138282776	638.0000138282776	142464	142464.0	moviewatching	290	{"2.2":1}	anat,dwi,func
ds003097	sub-0312	n/a	1	3	0	44313729	19861151	638.0000138282776	638.0000138282776	145152	145152.0	moviewatching	290	{"2.2":1}	anat,dwi,func
ds003097	sub-0313	n/a	1	3	0	37639339	21032965	638.0000138282776	638.0000138282776	123480	123480.0	moviewatching	290	{"2.2":1}	anat,dwi,func
ds003097	sub-0314	n/a	1	3	0	49890451	20511087	638.0000138282776	638.0000138282776	150528	150528.0	moviewatching	290	{"2.2":1}	anat,dwi,func
ds003097	sub-0315	n/a	1	3	0	48631403	19855444	638.0000138282776	638.0000138282776	139776	139776.0	moviewatching	290	{"2.2":1}	anat,dwi,func
ds003097	sub-0316	n/a	1	3	0	42519827	23668419	638.0000138282776	638.0000138282776	142464	142464.0	moviewatching	290	{"2.2":1}	anat,dwi,func
ds003097	sub-0317	n/a	1	3	0	62521827	24107699	638.0000138282776	638.0000138282776	166656	166656.0	moviewatching	290	{"2.2":1}	anat,dwi,func
ds003097	sub-0318	n/a	1	3	0	52980168	20565151	638.0000138282776	638.0000138282776	147840	147840.0	moviewatching	290	{"2.2":1}	anat,dwi,func
ds003097	sub-0319	n/a	1	3	0	36373179	21728544	638.0000138282776	638.0000138282776	127596	127596.0	moviewatching	290	{"2.2":1}	anat,dwi,func
ds003097	sub-0320	n/a	1	3	0	45990696	20201865	638.0000138282776	638.0000138282776	142464	142464.0	moviewatching	290	{"2.2":1}	anat,dwi,func
ds003097	sub-0321	n/a	0	3	0	0	21175401	n/a	n/a	n/a	n/a	n/a	0	n/a	anat,dwi
ds003097	sub-0322	n/a	1	3	0	38537587	20546282	638.0000138282776	638.0000138282776	129654	129654.0	moviewatching	290	{"2.2":1}	anat,dwi,func
ds003097	sub-0323	n/a	1	3	0	61415777	21545594	638.0000138282776	638.0000138282776	166656	166656.0	moviewatching	290	{"2.2":1}	anat,dwi,func
ds003097	sub-0324	n/a	1	3	0	39299458	20326406	638.0000138282776	638.0000138282776	127596	127596.0	moviewatching	290	{"2.2":1}	anat,dwi,func
ds003097	sub-0325	n/a	1	3	0	40039801	21102756	638.0000138282776	638.0000138282776	137088	137088.0	moviewatching	290	{"2.2":1}	anat,dwi,func
ds003097	sub-0326	n/a	1	3	0	37642617	20633412	638.0000138282776	638.0000138282776	131712	131712.0	moviewatching	290	{"2.2":1}	anat,dwi,func
ds003097	sub-0327	n/a	1	3	0	41045480	23564462	638.0000138282776	638.0000138282776	134400	134400.0	moviewatching	290	{"2.2":1}	anat,dwi,func
ds003097	sub-0328	n/a	1	3	0	38608651	21463705	638.0000138282776	638.0000138282776	131712	131712.0	moviewatching	290	{"2.2":1}	anat,dwi,func
ds003097	sub-0329	n/a	1	3	0	43417640	23250998	638.0000138282776	638.0000138282776	137088	137088.0	moviewatching	290	{"2.2":1}	anat,dwi,func
ds003097	sub-0330	n/a	1	3	0	39892335	19210983	638.0000138282776	638.0000138282776	134400	134400.0	moviewatching	290	{"2.2":1}	anat,dwi,func
ds003097	sub-0331	n/a	1	3	0	38267122	24777265	638.0000138282776	638.0000138282776	126336	126336.0	moviewatching	290	{"2.2":1}	anat,dwi,func
ds003097	sub-0332	n/a	1	3	0	53849820	19377778	638.0000138282776	638.0000138282776	150528	150528.0	moviewatching	290	{"2.2":1}	anat,dwi,func
ds003097	sub-0333	n/a	1	3	0	60503968	23023536	638.0000138282776	638.0000138282776	161280	161280.0	moviewatching	290	{"2.2":1}	anat,dwi,func
ds003097	sub-0334	n/a	1	3	0	39221925	20247845	638.0000138282776	638.0000138282776	133224	133224.0	moviewatching	290	{"2.2":1}	anat,dwi,func
ds003097	sub-0335	n/a	1	3	0	47862747	19802628	638.0000138282776	638.0000138282776	137088	137088.0	moviewatching	290	{"2.2":1}	anat,dwi,func
ds003097	sub-0336	n/a	1	3	0	42647415	21275317	638.0000138282776	638.0000138282776	137088	137088.0	moviewatching	290	{"2.2":1}	anat,dwi,func
ds003097	sub-0337	n/a	1	3	0	36606230	21138016	638.0000138282776	638.0000138282776	124362	124362.0	moviewatching	290	{"2.2":1}	anat,dwi,func
ds003097	sub-0338	n/a	1	3	0	47480270	21187961	638.0000138282776	638.0000138282776	137088	137088.0	moviewatching	290	{"2.2":1}	anat,dwi,func
ds003097	sub-0339	n/a	1	3	0	37155962	20577519	638.0000138282776	638.0000138282776	129642	129642.0	moviewatching	290	{"2.2":1}	anat,dwi,func
ds003097	sub-0340	n/a	1	3	0	47608876	22391865	638.0000138282776	638.0000138282776	147840	147840.0	moviewatching	290	{"2.2":1}	anat,dwi,func
ds003097	sub-0341	n/a	1	3	0	37361299	20611377	638.0000138282776	638.0000138282776	155904	155904.0	moviewatching	290	{"2.2":1}	anat,dwi,func
ds003097	sub-0342	n/a	1	3	0	37935677	21892651	638.0000138282776	638.0000138282776	126336	126336.0	moviewatching	290	{"2.2":1}	anat,dwi,func
ds003097	sub-0343	n/a	1	3	0	55817788	20489454	638.0000138282776	638.0000138282776	129024	129024.0	moviewatching	290	{"2.2":1}	anat,dwi,func
ds003097	sub-0344	n/a	1	3	0	49090330	21573248	638.0000138282776	638.0000138282776	145152	145152.0	moviewatching	290	{"2.2":1}	anat,dwi,func
ds003097	sub-0345	n/a	1	3	0	48227203	20515438	638.0000138282776	638.0000138282776	142464	142464.0	moviewatching	290	{"2.2":1}	anat,dwi,func
ds003097	sub-0346	n/a	0	3	0	0	19380262	n/a	n/a	n/a	n/a	n/a	0	n/a	anat,dwi
ds003097	sub-0347	n/a	1	3	0	48381185	19504914	638.0000138282776	638.0000138282776	150528	150528.0	moviewatching	290	{"2.2":1}	anat,dwi,func
ds003097	sub-0348	n/a	0	3	0	0	22112833	n/a	n/a	n/a	n/a	n/a	0	n/a	anat,dwi
ds003097	sub-0349	n/a	1	3	0	38304200	21730278	638.0000138282776	638.0000138282776	130662	130662.0	moviewatching	290	{"2.2":1}	anat,dwi,func
ds003097	sub-0350	n/a	1	3	0	40932762	20509350	638.0000138282776	638.0000138282776	137088	137088.0	moviewatching	290	{"2.2":1}	anat,dwi,func
ds003097	sub-0351	n/a	1	3	0	35394201	21791390	638.0000138282776	638.0000138282776	126336	126336.0	moviewatching	290	{"2.2":1}	anat,dwi,func
ds003097	sub-0352	n/a	1	3	0	37854641	20470359	638.0000138282776	638.0000138282776	130662	130662.0	moviewatching	290	{"2.2":1}	anat,dwi,func
ds003097	sub-0353	n/a	1	3	0	41021743	22849516	638.0000138282776	638.0000138282776	139776	139776.0	moviewatching	290	{"2.2":1}	anat,dwi,func
ds003097	sub-0354	n/a	1	3	0	44051244	18981300	638.0000138282776	638.0000138282776	145152	145152.0	moviewatching	290	{"2.2":1}	anat,dwi,func
ds003097	sub-0355	n/a	1	3	0	49776498	20019133	638.0000138282776	638.0000138282776	145152	145152.0	moviewatching	290	{"2.2":1}	anat,dwi,func
ds003097	sub-0356	n/a	1	3	0	53553569	22748222	638.0000138282776	638.0000138282776	147840	147840.0	moviewatching	290	{"2.2":1}	anat,dwi,func
ds003097	sub-0357	n/a	1	3	0	43720456	19678492	638.0000138282776	638.0000138282776	142464	142464.0	moviewatching	290	{"2.2":1}	anat,dwi,func
ds003097	sub-0358	n/a	0	3	0	0	21337618	n/a	n/a	n/a	n/a	n/a	0	n/a	anat,dwi
ds003097	sub-0359	n/a	1	3	0	46402979	19850459	638.0000138282776	638.0000138282776	153216	153216.0	moviewatching	290	{"2.2":1}	anat,dwi,func
ds003097	sub-0360	n/a	0	3	0	0	20586691	n/a	n/a	n/a	n/a	n/a	0	n/a	anat,dwi
ds003097	sub-0361	n/a	1	3	0	38854940	20521858	638.0000138282776	638.0000138282776	134400	134400.0	moviewatching	290	{"2.2":1}	anat,dwi,func
ds003097	sub-0362	n/a	1	3	0	49430136	18178318	638.0000138282776	638.0000138282776	150528	150528.0	moviewatching	290	{"2.2":1}	anat,dwi,func
ds003097	sub-0363	n/a	1	3	0	45439586	19416754	638.0000138282776	638.0000138282776	139776	139776.0	moviewatching	290	{"2.2":1}	anat,dwi,func
ds003097	sub-0364	n/a	1	3	0	43664251	19919549	638.0000138282776	638.0000138282776	147840	147840.0	moviewatching	290	{"2.2":1}	anat,dwi,func
ds003097	sub-0365	n/a	1	3	0	51618675	20215049	638.0000138282776	638.0000138282776	145152	145152.0	moviewatching	290	{"2.2":1}	anat,dwi,func
ds003097	sub-0366	n/a	1	3	0	42010909	20454706	638.0000138282776	638.0000138282776	134400	134400.0	moviewatching	290	{"2.2":1}	anat,dwi,func
ds003097	sub-0367	n/a	1	3	0	54287647	20249067	638.0000138282776	638.0000138282776	145152	145152.0	moviewatching	290	{"2.2":1}	anat,dwi,func
ds003097	sub-0368	n/a	1	3	0	41212537	18884402	638.0000138282776	638.0000138282776	147840	147840.0	moviewatching	290	{"2.2":1}	anat,dwi,func
ds003097	sub-0369	n/a	1	3	0	51741853	19915908	638.0000138282776	638.0000138282776	147840	147840.0	moviewatching	290	{"2.2":1}	anat,dwi,func
ds003097	sub-0370	n/a	0	3	0	0	21147835	n/a	n/a	n/a	n/a	n/a	0	n/a	anat,dwi
ds003097	sub-0371	n/a	1	3	0	38264979	20743784	638.0000138282776	638.0000138282776	125538	125538.0	moviewatching	290	{"2.2":1}	anat,dwi,func
ds003097	sub-0372	n/a	1	3	0	44079483	21215053	638.0000138282776	638.0000138282776	142464	142464.0	moviewatching	290	{"2.2":1}	anat,dwi,func
ds003097	sub-0373	n/a	1	3	0	40115706	19596052	638.0000138282776	638.0000138282776	134400	134400.0	moviewatching	290	{"2.2":1}	anat,dwi,func
ds003097	sub-0374	n/a	1	3	0	34545326	19151105	638.0000138282776	638.0000138282776	120960	120960.0	moviewatching	290	{"2.2":1}	anat,dwi,func
ds003097	sub-0375	n/a	1	3	0	54949050	22924224	638.0000138282776	638.0000138282776	153216	153216.0	moviewatching	290	{"2.2":1}	anat,dwi,func
ds003097	sub-0376	n/a	1	3	0	51453969	20694700	638.0000138282776	638.0000138282776	145152	145152.0	moviewatching	290	{"2.2":1}	anat,dwi,func
ds003097	sub-0377	n/a	1	3	0	38130504	21494804	638.0000138282776	638.0000138282776	134400	134400.0	moviewatching	290	{"2.2":1}	anat,dwi,func
ds003097	sub-0378	n/a	1	3	0	60238940	21058086	638.0000138282776	638.0000138282776	169344	169344.0	moviewatching	290	{"2.2":1}	anat,dwi,func
ds003097	sub-0379	n/a	1	3	0	47618821	21393575	638.0000138282776	638.0000138282776	139776	139776.0	moviewatching	290	{"2.2":1}	anat,dwi,func
ds003097	sub-0380	n/a	1	3	0	46309528	19162462	638.0000138282776	638.0000138282776	134400	134400.0	moviewatching	290	{"2.2":1}	anat,dwi,func
ds003097	sub-0381	n/a	1	3	0	36004826	21092781	638.0000138282776	638.0000138282776	127596	127596.0	moviewatching	290	{"2.2":1}	anat,dwi,func
ds003097	sub-0382	n/a	1	3	0	43752907	22921065	638.0000138282776	638.0000138282776	142464	142464.0	moviewatching	290	{"2.2":1}	anat,dwi,func
ds003097	sub-0383	n/a	0	3	0	0	21028468	n/a	n/a	n/a	n/a	n/a	0	n/a	anat,dwi
ds003097	sub-0384	n/a	1	3	0	45327558	19521436	638.0000138282776	638.0000138282776	150528	150528.0	moviewatching	290	{"2.2":1}	anat,dwi,func
ds003097	sub-0385	n/a	1	3	0	46777419	20367042	638.0000138282776	638.0000138282776	145152	145152.0	moviewatching	290	{"2.2":1}	anat,dwi,func
ds003097	sub-0386	n/a	1	3	0	40247745	20000134	638.0000138282776	638.0000138282776	129654	129654.0	moviewatching	290	{"2.2":1}	anat,dwi,func
ds003097	sub-0387	n/a	0	3	0	0	19982850	n/a	n/a	n/a	n/a	n/a	0	n/a	anat,dwi
ds003097	sub-0388	n/a	1	3	0	50013021	20055905	638.0000138282776	638.0000138282776	142464	142464.0	moviewatching	290	{"2.2":1}	anat,dwi,func
ds003097	sub-0389	n/a	1	3	0	38738013	21072590	638.0000138282776	638.0000138282776	127596	127596.0	moviewatching	290	{"2.2":1}	anat,dwi,func
ds003097	sub-0390	n/a	1	3	0	51682937	21064963	638.0000138282776	638.0000138282776	142464	142464.0	moviewatching	290	{"2.2":1}	anat,dwi,func
ds003097	sub-0391	n/a	1	3	0	48377816	20158010	638.0000138282776	638.0000138282776	150528	150528.0	moviewatching	290	{"2.2":1}	anat,dwi,func
ds003097	sub-0392	n/a	1	3	0	50725984	21069713	638.0000138282776	638.0000138282776	145152	145152.0	moviewatching	290	{"2.2":1}	anat,dwi,func
ds003097	sub-0393	n/a	1	3	0	48518246	20167732	638.0000138282776	638.0000138282776	145152	145152.0	moviewatching	290	{"2.2":1}	anat,dwi,func
ds003097	sub-0394	n/a	1	3	0	52747826	21092816	638.0000138282776	638.0000138282776	145152	145152.0	moviewatching	290	{"2.2":1}	anat,dwi,func
ds003097	sub-0395	n/a	1	3	0	52873231	19979134	638.0000138282776	638.0000138282776	147840	147840.0	moviewatching	290	{"2.2":1}	anat,dwi,func
ds003097	sub-0396	n/a	1	3	0	45196629	18331389	638.0000138282776	638.0000138282776	142464	142464.0	moviewatching	290	{"2.2":1}	anat,dwi,func
ds003097	sub-0397	n/a	1	3	0	52699117	21873519	638.0000138282776	638.0000138282776	147840	147840.0	moviewatching	290	{"2.2":1}	anat,dwi,func
ds003097	sub-0398	n/a	1	3	0	52621355	21825515	638.0000138282776	638.0000138282776	158592	158592.0	moviewatching	290	{"2.2":1}	anat,dwi,func
ds003097	sub-0399	n/a	1	3	0	51952482	24681642	638.0000138282776	638.0000138282776	145152	145152.0	moviewatching	290	{"2.2":1}	anat,dwi,func
ds003097	sub-0400	n/a	1	3	0	49515215	20741436	638.0000138282776	638.0000138282776	147840	147840.0	moviewatching	290	{"2.2":1}	anat,dwi,func
ds003097	sub-0401	n/a	1	3	0	35471090	19796284	638.0000138282776	638.0000138282776	128520	128520.0	moviewatching	290	{"2.2":1}	anat,dwi,func
ds003097	sub-0402	n/a	1	3	0	41764695	20915011	638.0000138282776	638.0000138282776	139776	139776.0	moviewatching	290	{"2.2":1}	anat,dwi,func
ds003097	sub-0403	n/a	0	3	0	0	22318920	n/a	n/a	n/a	n/a	n/a	0	n/a	anat,dwi
ds003097	sub-0404	n/a	1	3	0	38881343	21027308	638.0000138282776	638.0000138282776	130200	130200.0	moviewatching	290	{"2.2":1}	anat,dwi,func
ds003097	sub-0405	n/a	1	3	0	39253912	20678499	638.0000138282776	638.0000138282776	134946	134946.0	moviewatching	290	{"2.2":1}	anat,dwi,func
ds003097	sub-0406	n/a	1	3	0	48637492	20385509	638.0000138282776	638.0000138282776	142464	142464.0	moviewatching	290	{"2.2":1}	anat,dwi,func
ds003097	sub-0407	n/a	1	3	0	38686852	20841508	638.0000138282776	638.0000138282776	130200	130200.0	moviewatching	290	{"2.2":1}	anat,dwi,func
ds003097	sub-0408	n/a	1	3	0	56894446	19953440	638.0000138282776	638.0000138282776	145152	145152.0	moviewatching	290	{"2.2":1}	anat,dwi,func
ds003097	sub-0409	n/a	1	3	0	42021656	23738894	638.0000138282776	638.0000138282776	134400	134400.0	moviewatching	290	{"2.2":1}	anat,dwi,func
ds003097	sub-0410	n/a	1	3	0	37935698	21426301	638.0000138282776	638.0000138282776	131712	131712.0	moviewatching	290	{"2.2":1}	anat,dwi,func
ds003097	sub-0411	n/a	1	3	0	52079802	20739457	638.0000138282776	638.0000138282776	147840	147840.0	moviewatching	290	{"2.2":1}	anat,dwi,func
ds003097	sub-0412	n/a	1	3	0	42702836	20243742	638.0000138282776	638.0000138282776	134400	134400.0	moviewatching	290	{"2.2":1}	anat,dwi,func
ds003097	sub-0413	n/a	1	3	0	50672376	23921227	638.0000138282776	638.0000138282776	150528	150528.0	moviewatching	290	{"2.2":1}	anat,dwi,func
ds003097	sub-0414	n/a	1	3	0	37821473	19860291	638.0000138282776	638.0000138282776	128100	128100.0	moviewatching	290	{"2.2":1}	anat,dwi,func
ds003097	sub-0415	n/a	1	3	0	52847716	17492621	638.0000138282776	638.0000138282776	163968	163968.0	moviewatching	290	{"2.2":1}	anat,dwi,func
ds003097	sub-0416	n/a	1	3	0	47986747	21248899	638.0000138282776	638.0000138282776	153216	153216.0	moviewatching	290	{"2.2":1}	anat,dwi,func
ds003097	sub-0417	n/a	1	3	0	50949365	23003950	638.0000138282776	638.0000138282776	145152	145152.0	moviewatching	290	{"2.2":1}	anat,dwi,func
ds003097	sub-0418	n/a	1	3	0	35360582	21575715	638.0000138282776	638.0000138282776	122016	122016.0	moviewatching	290	{"2.2":1}	anat,dwi,func
ds003097	sub-0419	n/a	1	3	0	57117169	22773436	638.0000138282776	638.0000138282776	150528	150528.0	moviewatching	290	{"2.2":1}	anat,dwi,func
ds003097	sub-0420	n/a	1	3	0	54706099	20301604	638.0000138282776	638.0000138282776	150528	150528.0	moviewatching	290	{"2.2":1}	anat,dwi,func
ds003097	sub-0421	n/a	1	3	0	37753047	21442271	638.0000138282776	638.0000138282776	132300	132300.0	moviewatching	290	{"2.2":1}	anat,dwi,func
ds003097	sub-0422	n/a	1	3	0	55715126	21561514	638.0000138282776	638.0000138282776	150528	150528.0	moviewatching	290	{"2.2":1}	anat,dwi,func
ds003097	sub-0423	n/a	1	3	0	41459575	21950600	638.0000138282776	638.0000138282776	134946	134946.0	moviewatching	290	{"2.2":1}	anat,dwi,func
ds003097	sub-0424	n/a	1	3	0	53356021	20098034	638.0000138282776	638.0000138282776	145152	145152.0	moviewatching	290	{"2.2":1}	anat,dwi,func
ds003097	sub-0425	n/a	1	3	0	50057793	22308243	638.0000138282776	638.0000138282776	153216	153216.0	moviewatching	290	{"2.2":1}	anat,dwi,func
ds003097	sub-0426	n/a	1	3	0	43239799	23533102	638.0000138282776	638.0000138282776	137088	137088.0	moviewatching	290	{"2.2":1}	anat,dwi,func
ds003097	sub-0427	n/a	1	3	0	51569380	22338598	638.0000138282776	638.0000138282776	145152	145152.0	moviewatching	290	{"2.2":1}	anat,dwi,func
ds003097	sub-0428	n/a	1	3	0	49617936	20252608	638.0000138282776	638.0000138282776	147840	147840.0	moviewatching	290	{"2.2":1}	anat,dwi,func
ds003097	sub-0429	n/a	1	3	0	42396860	18110167	638.0000138282776	638.0000138282776	134400	134400.0	moviewatching	290	{"2.2":1}	anat,dwi,func
ds003097	sub-0430	n/a	1	3	0	47553604	20512393	638.0000138282776	638.0000138282776	139776	139776.0	moviewatching	290	{"2.2":1}	anat,dwi,func
ds003097	sub-0431	n/a	1	3	0	47870325	19708851	638.0000138282776	638.0000138282776	145152	145152.0	moviewatching	290	{"2.2":1}	anat,dwi,func
ds003097	sub-0432	n/a	1	3	0	42073651	22367477	638.0000138282776	638.0000138282776	137088	137088.0	moviewatching	290	{"2.2":1}	anat,dwi,func
ds003097	sub-0433	n/a	1	3	0	38697637	20174713	638.0000138282776	638.0000138282776	132300	132300.0	moviewatching	290	{"2.2":1}	anat,dwi,func
ds003097	sub-0434	n/a	1	3	0	53283077	19192723	638.0000138282776	638.0000138282776	145152	145152.0	moviewatching	290	{"2.2":1}	anat,dwi,func
ds003097	sub-0435	n/a	0	3	0	0	18475835	n/a	n/a	n/a	n/a	n/a	0	n/a	anat,dwi
ds003097	sub-0436	n/a	1	3	0	49255993	19653344	638.0000138282776	638.0000138282776	150528	150528.0	moviewatching	290	{"2.2":1}	anat,dwi,func
ds003097	sub-0437	n/a	1	3	0	36416579	20862032	638.0000138282776	638.0000138282776	124992	124992.0	moviewatching	290	{"2.2":1}	anat,dwi,func
ds003097	sub-0438	n/a	1	3	0	48223026	21302668	638.0000138282776	638.0000138282776	147840	147840.0	moviewatching	290	{"2.2":1}	anat,dwi,func
ds003097	sub-0439	n/a	1	3	0	38975477	19848829	638.0000138282776	638.0000138282776	132300	132300.0	moviewatching	290	{"2.2":1}	anat,dwi,func
ds003097	sub-0440	n/a	1	3	0	59265161	21444300	638.0000138282776	638.0000138282776	150528	150528.0	moviewatching	290	{"2.2":1}	anat,dwi,func
ds003097	sub-0441	n/a	1	3	0	38421330	19543578	638.0000138282776	638.0000138282776	130200	130200.0	moviewatching	290	{"2.2":1}	anat,dwi,func
ds003097	sub-0442	n/a	1	3	0	40532997	21831606	638.0000138282776	638.0000138282776	139776	139776.0	moviewatching	290	{"2.2":1}	anat,dwi,func
ds003097	sub-0443	n/a	1	3	0	36640416	20953418	638.0000138282776	638.0000138282776	123480	123480.0	moviewatching	290	{"2.2":1}	anat,dwi,func
ds003097	sub-0444	n/a	1	3	0	48606944	20731345	638.0000138282776	638.0000138282776	147840	147840.0	moviewatching	290	{"2.2":1}	anat,dwi,func
ds003097	sub-0445	n/a	1	3	0	52472969	22655698	638.0000138282776	638.0000138282776	142464	142464.0	moviewatching	290	{"2.2":1}	anat,dwi,func
ds003097	sub-0446	n/a	1	3	0	49282725	19889958	638.0000138282776	638.0000138282776	142464	142464.0	moviewatching	290	{"2.2":1}	anat,dwi,func
ds003097	sub-0447	n/a	1	3	0	44384972	21701520	638.0000138282776	638.0000138282776	139776	139776.0	moviewatching	290	{"2.2":1}	anat,dwi,func
ds003097	sub-0448	n/a	1	3	0	38430204	21693681	638.0000138282776	638.0000138282776	131712	131712.0	moviewatching	290	{"2.2":1}	anat,dwi,func
ds003097	sub-0449	n/a	1	3	0	53142762	21551211	638.0000138282776	638.0000138282776	147840	147840.0	moviewatching	290	{"2.2":1}	anat,dwi,func
ds003097	sub-0450	n/a	1	3	0	57938565	22359693	638.0000138282776	638.0000138282776	147840	147840.0	moviewatching	290	{"2.2":1}	anat,dwi,func
ds003097	sub-0451	n/a	1	3	0	47127730	20116614	638.0000138282776	638.0000138282776	145152	145152.0	moviewatching	290	{"2.2":1}	anat,dwi,func
ds003097	sub-0452	n/a	1	3	0	53435295	21230210	638.0000138282776	638.0000138282776	147840	147840.0	moviewatching	290	{"2.2":1}	anat,dwi,func
ds003097	sub-0453	n/a	1	3	0	52857400	21357431	638.0000138282776	638.0000138282776	142464	142464.0	moviewatching	290	{"2.2":1}	anat,dwi,func
ds003097	sub-0454	n/a	1	3	0	53747185	20907306	638.0000138282776	638.0000138282776	155904	155904.0	moviewatching	290	{"2.2":1}	anat,dwi,func
ds003097	sub-0455	n/a	1	3	0	41322692	22125885	638.0000138282776	638.0000138282776	137088	137088.0	moviewatching	290	{"2.2":1}	anat,dwi,func
ds003097	sub-0456	n/a	1	3	0	41055747	22101400	638.0000138282776	638.0000138282776	139776	139776.0	moviewatching	290	{"2.2":1}	anat,dwi,func
ds003097	sub-0457	n/a	1	3	0	48155373	21164869	638.0000138282776	638.0000138282776	139776	139776.0	moviewatching	290	{"2.2":1}	anat,dwi,func
ds003097	sub-0458	n/a	1	3	0	38284168	19364104	638.0000138282776	638.0000138282776	132300	132300.0	moviewatching	290	{"2.2":1}	anat,dwi,func
ds003097	sub-0459	n/a	1	3	0	54157707	20480078	638.0000138282776	638.0000138282776	153216	153216.0	moviewatching	290	{"2.2":1}	anat,dwi,func
ds003097	sub-0460	n/a	1	3	0	37172692	20035109	638.0000138282776	638.0000138282776	127596	127596.0	moviewatching	290	{"2.2":1}	anat,dwi,func
ds003097	sub-0461	n/a	1	3	0	42098693	21592352	638.0000138282776	638.0000138282776	139776	139776.0	moviewatching	290	{"2.2":1}	anat,dwi,func
ds003097	sub-0462	n/a	1	3	0	50728768	20241940	638.0000138282776	638.0000138282776	142464	142464.0	moviewatching	290	{"2.2":1}	anat,dwi,func
ds003097	sub-0463	n/a	1	3	0	38832555	19709215	638.0000138282776	638.0000138282776	128520	128520.0	moviewatching	290	{"2.2":1}	anat,dwi,func
ds003097	sub-0464	n/a	1	3	0	53789018	22283784	638.0000138282776	638.0000138282776	150528	150528.0	moviewatching	290	{"2.2":1}	anat,dwi,func
ds003097	sub-0465	n/a	1	3	0	39222065	21714290	638.0000138282776	638.0000138282776	134400	134400.0	moviewatching	290	{"2.2":1}	anat,dwi,func
ds003097	sub-0466	n/a	1	3	0	40686623	19933893	638.0000138282776	638.0000138282776	134946	134946.0	moviewatching	290	{"2.2":1}	anat,dwi,func
ds003097	sub-0467	n/a	1	3	0	35393101	19457411	638.0000138282776	638.0000138282776	123900	123900.0	moviewatching	290	{"2.2":1}	anat,dwi,func
ds003097	sub-0468	n/a	1	3	0	44277943	22286865	638.0000138282776	638.0000138282776	148176	148176.0	moviewatching	290	{"2.2":1}	anat,dwi,func
ds003097	sub-0469	n/a	1	3	0	45399601	23605998	638.0000138282776	638.0000138282776	145152	145152.0	moviewatching	290	{"2.2":1}	anat,dwi,func
ds003097	sub-0470	n/a	1	3	0	51227953	20755531	638.0000138282776	638.0000138282776	145152	145152.0	moviewatching	290	{"2.2":1}	anat,dwi,func
ds003097	sub-0471	n/a	1	3	0	37609545	20229885	638.0000138282776	638.0000138282776	125538	125538.0	moviewatching	290	{"2.2":1}	anat,dwi,func
ds003097	sub-0472	n/a	1	3	0	42055162	18549350	638.0000138282776	638.0000138282776	145152	145152.0	moviewatching	290	{"2.2":1}	anat,dwi,func
ds003097	sub-0473	n/a	1	3	0	36998091	20562351	638.0000138282776	638.0000138282776	123480	123480.0	moviewatching	290	{"2.2":1}	anat,dwi,func
ds003097	sub-0474	n/a	1	3	0	43504652	22237387	638.0000138282776	638.0000138282776	142464	142464.0	moviewatching	290	{"2.2":1}	anat,dwi,func
ds003097	sub-0475	n/a	1	3	0	48210566	22540600	638.0000138282776	638.0000138282776	153216	153216.0	moviewatching	290	{"2.2":1}	anat,dwi,func
ds003097	sub-0476	n/a	0	3	0	0	22928269	n/a	n/a	n/a	n/a	n/a	0	n/a	anat,dwi
ds003097	sub-0477	n/a	1	3	0	49680508	21681252	638.0000138282776	638.0000138282776	145152	145152.0	moviewatching	290	{"2.2":1}	anat,dwi,func
ds003097	sub-0478	n/a	1	3	0	47740435	24526107	638.0000138282776	638.0000138282776	155904	155904.0	moviewatching	290	{"2.2":1}	anat,dwi,func
ds003097	sub-0479	n/a	1	3	0	34210281	18637057	638.0000138282776	638.0000138282776	119364	119364.0	moviewatching	290	{"2.2":1}	anat,dwi,func
ds003097	sub-0480	n/a	1	3	0	49327801	19957375	638.0000138282776	638.0000138282776	139776	139776.0	moviewatching	290	{"2.2":1}	anat,dwi,func
ds003097	sub-0481	n/a	1	3	0	51907643	22224929	638.0000138282776	638.0000138282776	139776	139776.0	moviewatching	290	{"2.2":1}	anat,dwi,func
ds003097	sub-0482	n/a	1	3	0	47283497	18532332	638.0000138282776	638.0000138282776	142464	142464.0	moviewatching	290	{"2.2":1}	anat,dwi,func
ds003097	sub-0483	n/a	1	3	0	51084354	20209650	638.0000138282776	638.0000138282776	147840	147840.0	moviewatching	290	{"2.2":1}	anat,dwi,func
ds003097	sub-0484	n/a	1	3	0	49502110	24224326	638.0000138282776	638.0000138282776	150528	150528.0	moviewatching	290	{"2.2":1}	anat,dwi,func
ds003097	sub-0485	n/a	1	3	0	47164031	20816345	638.0000138282776	638.0000138282776	147840	147840.0	moviewatching	290	{"2.2":1}	anat,dwi,func
ds003097	sub-0486	n/a	1	3	0	40962158	21872805	638.0000138282776	638.0000138282776	137088	137088.0	moviewatching	290	{"2.2":1}	anat,dwi,func
ds003097	sub-0487	n/a	1	3	0	47780640	19993171	638.0000138282776	638.0000138282776	137088	137088.0	moviewatching	290	{"2.2":1}	anat,dwi,func
ds003097	sub-0488	n/a	0	3	0	0	20783832	n/a	n/a	n/a	n/a	n/a	0	n/a	anat,dwi
ds003097	sub-0489	n/a	1	3	0	49450465	20935013	638.0000138282776	638.0000138282776	147840	147840.0	moviewatching	290	{"2.2":1}	anat,dwi,func
ds003097	sub-0490	n/a	1	3	0	40211198	21677524	638.0000138282776	638.0000138282776	137088	137088.0	moviewatching	290	{"2.2":1}	anat,dwi,func
ds003097	sub-0491	n/a	1	3	0	40525377	21184183	638.0000138282776	638.0000138282776	139776	139776.0	moviewatching	290	{"2.2":1}	anat,dwi,func
ds003097	sub-0492	n/a	1	3	0	49361353	19782211	638.0000138282776	638.0000138282776	137088	137088.0	moviewatching	290	{"2.2":1}	anat,dwi,func
ds003097	sub-0493	n/a	1	3	0	54650631	24610557	638.0000138282776	638.0000138282776	153216	153216.0	moviewatching	290	{"2.2":1}	anat,dwi,func
ds003097	sub-0494	n/a	1	3	0	44521579	19829855	638.0000138282776	638.0000138282776	137088	137088.0	moviewatching	290	{"2.2":1}	anat,dwi,func
ds003097	sub-0495	n/a	1	3	0	58506876	17661806	638.0000138282776	638.0000138282776	155904	155904.0	moviewatching	290	{"2.2":1}	anat,dwi,func
ds003097	sub-0496	n/a	1	3	0	48948315	20491319	638.0000138282776	638.0000138282776	142464	142464.0	moviewatching	290	{"2.2":1}	anat,dwi,func
ds003097	sub-0497	n/a	1	3	0	46739856	20366367	638.0000138282776	638.0000138282776	150528	150528.0	moviewatching	290	{"2.2":1}	anat,dwi,func
ds003097	sub-0498	n/a	1	3	0	38163402	20427766	638.0000138282776	638.0000138282776	126000	126000.0	moviewatching	290	{"2.2":1}	anat,dwi,func
ds003097	sub-0499	n/a	1	3	0	37566205	21798989	638.0000138282776	638.0000138282776	122976	122976.0	moviewatching	290	{"2.2":1}	anat,dwi,func
ds003097	sub-0500	n/a	1	3	0	44746512	21806538	638.0000138282776	638.0000138282776	145152	145152.0	moviewatching	290	{"2.2":1}	anat,dwi,func
ds003097	sub-0501	n/a	1	3	0	38378216	21401933	638.0000138282776	638.0000138282776	131712	131712.0	moviewatching	290	{"2.2":1}	anat,dwi,func
ds003097	sub-0502	n/a	1	3	0	54777819	20219908	638.0000138282776	638.0000138282776	153216	153216.0	moviewatching	290	{"2.2":1}	anat,dwi,func
ds003097	sub-0503	n/a	1	3	0	48936152	18887323	638.0000138282776	638.0000138282776	145152	145152.0	moviewatching	290	{"2.2":1}	anat,dwi,func
ds003097	sub-0504	n/a	1	3	0	36632581	19871676	638.0000138282776	638.0000138282776	120960	120960.0	moviewatching	290	{"2.2":1}	anat,dwi,func
ds003097	sub-0505	n/a	1	3	0	55476459	20527310	638.0000138282776	638.0000138282776	153216	153216.0	moviewatching	290	{"2.2":1}	anat,dwi,func
ds003097	sub-0506	n/a	1	3	0	54505596	20831961	638.0000138282776	638.0000138282776	137088	137088.0	moviewatching	290	{"2.2":1}	anat,dwi,func
ds003097	sub-0507	n/a	1	3	0	50862392	21240774	638.0000138282776	638.0000138282776	142464	142464.0	moviewatching	290	{"2.2":1}	anat,dwi,func
ds003097	sub-0508	n/a	1	3	0	47620669	20642223	638.0000138282776	638.0000138282776	147840	147840.0	moviewatching	290	{"2.2":1}	anat,dwi,func
ds003097	sub-0509	n/a	1	3	0	47265740	21663585	638.0000138282776	638.0000138282776	142464	142464.0	moviewatching	290	{"2.2":1}	anat,dwi,func
ds003097	sub-0510	n/a	1	3	0	51263768	21702469	638.0000138282776	638.0000138282776	142464	142464.0	moviewatching	290	{"2.2":1}	anat,dwi,func
ds003097	sub-0511	n/a	1	3	0	40721262	22125145	638.0000138282776	638.0000138282776	134946	134946.0	moviewatching	290	{"2.2":1}	anat,dwi,func
ds003097	sub-0512	n/a	1	1	0	34639824	5950583	638.0000138282776	638.0000138282776	120960	120960.0	moviewatching	290	{"2.2":1}	anat,dwi,func
ds003097	sub-0513	n/a	1	3	0	48670828	22414561	638.0000138282776	638.0000138282776	139776	139776.0	moviewatching	290	{"2.2":1}	anat,dwi,func
ds003097	sub-0514	n/a	1	3	0	37508870	19399768	638.0000138282776	638.0000138282776	130200	130200.0	moviewatching	290	{"2.2":1}	anat,dwi,func
ds003097	sub-0515	n/a	1	3	0	50043953	19287774	638.0000138282776	638.0000138282776	147840	147840.0	moviewatching	290	{"2.2":1}	anat,dwi,func
ds003097	sub-0516	n/a	1	3	0	41259635	19982349	638.0000138282776	638.0000138282776	137088	137088.0	moviewatching	290	{"2.2":1}	anat,dwi,func
ds003097	sub-0517	n/a	1	3	0	45373392	19917414	638.0000138282776	638.0000138282776	145152	145152.0	moviewatching	290	{"2.2":1}	anat,dwi,func
ds003097	sub-0518	n/a	1	3	0	40315030	23091422	638.0000138282776	638.0000138282776	134946	134946.0	moviewatching	290	{"2.2":1}	anat,dwi,func
ds003097	sub-0519	n/a	1	3	0	37502651	21323249	638.0000138282776	638.0000138282776	131712	131712.0	moviewatching	290	{"2.2":1}	anat,dwi,func
ds003097	sub-0520	n/a	1	3	0	40742692	20559385	638.0000138282776	638.0000138282776	137088	137088.0	moviewatching	290	{"2.2":1}	anat,dwi,func
ds003097	sub-0521	n/a	1	3	0	48467532	18733115	638.0000138282776	638.0000138282776	147840	147840.0	moviewatching	290	{"2.2":1}	anat,dwi,func
ds003097	sub-0522	n/a	1	3	0	35238257	21112756	638.0000138282776	638.0000138282776	117180	117180.0	moviewatching	290	{"2.2":1}	anat,dwi,func
ds003097	sub-0523	n/a	1	3	0	38740414	20115386	638.0000138282776	638.0000138282776	129024	129024.0	moviewatching	290	{"2.2":1}	anat,dwi,func
ds003097	sub-0524	n/a	1	3	0	38518809	21764088	638.0000138282776	638.0000138282776	130200	130200.0	moviewatching	290	{"2.2":1}	anat,dwi,func
ds003097	sub-0525	n/a	1	3	0	34882537	19969049	638.0000138282776	638.0000138282776	120414	120414.0	moviewatching	290	{"2.2":1}	anat,dwi,func
ds003097	sub-0526	n/a	1	3	0	43390283	20951462	638.0000138282776	638.0000138282776	138012	138012.0	moviewatching	290	{"2.2":1}	anat,dwi,func
ds003097	sub-0527	n/a	1	3	0	38151013	20581845	638.0000138282776	638.0000138282776	134400	134400.0	moviewatching	290	{"2.2":1}	anat,dwi,func
ds003097	sub-0528	n/a	0	3	0	0	18799261	n/a	n/a	n/a	n/a	n/a	0	n/a	anat,dwi
ds003097	sub-0529	n/a	1	3	0	39701590	20378073	638.0000138282776	638.0000138282776	132804	132804.0	moviewatching	290	{"2.2":1}	anat,dwi,func
ds003097	sub-0530	n/a	1	3	0	41207743	21778511	638.0000138282776	638.0000138282776	137088	137088.0	moviewatching	290	{"2.2":1}	anat,dwi,func
ds003097	sub-0531	n/a	1	3	0	41517155	20765807	638.0000138282776	638.0000138282776	134400	134400.0	moviewatching	290	{"2.2":1}	anat,dwi,func
ds003097	sub-0532	n/a	1	2	0	39431986	13973188	638.0000138282776	638.0000138282776	137088	137088.0	moviewatching	290	{"2.2":1}	anat,dwi,func
ds003097	sub-0533	n/a	1	3	0	52793331	22169830	638.0000138282776	638.0000138282776	145152	145152.0	moviewatching	290	{"2.2":1}	anat,dwi,func
ds003097	sub-0534	n/a	1	3	0	41382504	23791176	638.0000138282776	638.0000138282776	137592	137592.0	moviewatching	290	{"2.2":1}	anat,dwi,func
ds003097	sub-0535	n/a	1	3	0	49002911	21343863	638.0000138282776	638.0000138282776	142464	142464.0	moviewatching	290	{"2.2":1}	anat,dwi,func
ds003097	sub-0536	n/a	1	3	0	47930445	20147097	638.0000138282776	638.0000138282776	153216	153216.0	moviewatching	290	{"2.2":1}	anat,dwi,func
ds003097	sub-0537	n/a	1	3	0	36829348	21439246	638.0000138282776	638.0000138282776	130200	130200.0	moviewatching	290	{"2.2":1}	anat,dwi,func
ds003097	sub-0538	n/a	1	3	0	52779681	21396464	638.0000138282776	638.0000138282776	150528	150528.0	moviewatching	290	{"2.2":1}	anat,dwi,func
ds003097	sub-0539	n/a	1	3	0	51945586	20343228	638.0000138282776	638.0000138282776	155904	155904.0	moviewatching	290	{"2.2":1}	anat,dwi,func
ds003097	sub-0540	n/a	1	3	0	56388950	21159759	638.0000138282776	638.0000138282776	153216	153216.0	moviewatching	290	{"2.2":1}	anat,dwi,func
ds003097	sub-0541	n/a	1	2	0	37896731	12826393	638.0000138282776	638.0000138282776	128100	128100.0	moviewatching	290	{"2.2":1}	anat,dwi,func
ds003097	sub-0542	n/a	1	3	0	44829842	19588790	638.0000138282776	638.0000138282776	147840	147840.0	moviewatching	290	{"2.2":1}	anat,dwi,func
ds003097	sub-0543	n/a	1	3	0	37440334	20910835	638.0000138282776	638.0000138282776	125538	125538.0	moviewatching	290	{"2.2":1}	anat,dwi,func
ds003097	sub-0544	n/a	1	3	0	47577499	20807815	638.0000138282776	638.0000138282776	139776	139776.0	moviewatching	290	{"2.2":1}	anat,dwi,func
ds003097	sub-0545	n/a	1	3	0	42947033	23403636	638.0000138282776	638.0000138282776	139776	139776.0	moviewatching	290	{"2.2":1}	anat,dwi,func
ds003097	sub-0546	n/a	1	3	0	44106914	19592801	638.0000138282776	638.0000138282776	147840	147840.0	moviewatching	290	{"2.2":1}	anat,dwi,func
ds003097	sub-0547	n/a	1	3	0	53933378	19513721	638.0000138282776	638.0000138282776	145152	145152.0	moviewatching	290	{"2.2":1}	anat,dwi,func
ds003097	sub-0548	n/a	1	3	0	36797853	21584674	638.0000138282776	638.0000138282776	130662	130662.0	moviewatching	290	{"2.2":1}	anat,dwi,func
ds003097	sub-0549	n/a	1	3	0	42689158	23060535	638.0000138282776	638.0000138282776	137088	137088.0	moviewatching	290	{"2.2":1}	anat,dwi,func
ds003097	sub-0550	n/a	1	3	0	54980706	19966171	638.0000138282776	638.0000138282776	155904	155904.0	moviewatching	290	{"2.2":1}	anat,func
ds003097	sub-0551	n/a	1	3	0	46347504	21678455	638.0000138282776	638.0000138282776	150528	150528.0	moviewatching	290	{"2.2":1}	anat,dwi,func
ds003097	sub-0552	n/a	1	3	0	50752239	19940701	638.0000138282776	638.0000138282776	153216	153216.0	moviewatching	290	{"2.2":1}	anat,dwi,func
ds003097	sub-0553	n/a	1	3	0	51596172	20174689	638.0000138282776	638.0000138282776	142464	142464.0	moviewatching	290	{"2.2":1}	anat,dwi,func
ds003097	sub-0554	n/a	1	3	0	52658424	22307220	638.0000138282776	638.0000138282776	150528	150528.0	moviewatching	290	{"2.2":1}	anat,dwi,func
ds003097	sub-0555	n/a	1	3	0	52082734	20902809	638.0000138282776	638.0000138282776	150528	150528.0	moviewatching	290	{"2.2":1}	anat,dwi,func
ds003097	sub-0556	n/a	1	3	0	41546794	20199005	638.0000138282776	638.0000138282776	142464	142464.0	moviewatching	290	{"2.2":1}	anat,dwi,func
ds003097	sub-0557	n/a	1	3	0	50374798	20289666	638.0000138282776	638.0000138282776	145152	145152.0	moviewatching	290	{"2.2":1}	anat,dwi,func
ds003097	sub-0558	n/a	1	3	0	36370132	20914496	638.0000138282776	638.0000138282776	124992	124992.0	moviewatching	290	{"2.2":1}	anat,dwi,func
ds003097	sub-0559	n/a	1	3	0	51006309	21452982	638.0000138282776	638.0000138282776	155904	155904.0	moviewatching	290	{"2.2":1}	anat,dwi,func
ds003097	sub-0560	n/a	1	3	0	51739373	20981728	638.0000138282776	638.0000138282776	150528	150528.0	moviewatching	290	{"2.2":1}	anat,dwi,func
ds003097	sub-0561	n/a	1	3	0	40531616	21072836	638.0000138282776	638.0000138282776	137592	137592.0	moviewatching	290	{"2.2":1}	anat,dwi,func
ds003097	sub-0562	n/a	1	3	0	38620484	21498987	638.0000138282776	638.0000138282776	134400	134400.0	moviewatching	290	{"2.2":1}	anat,dwi,func
ds003097	sub-0563	n/a	1	3	0	49927248	21686450	638.0000138282776	638.0000138282776	150528	150528.0	moviewatching	290	{"2.2":1}	anat,dwi,func
ds003097	sub-0564	n/a	1	3	0	51378044	21685162	638.0000138282776	638.0000138282776	150528	150528.0	moviewatching	290	{"2.2":1}	anat,dwi,func
ds003097	sub-0565	n/a	1	3	0	42978737	21620127	638.0000138282776	638.0000138282776	140238	140238.0	moviewatching	290	{"2.2":1}	anat,dwi,func
ds003097	sub-0566	n/a	1	3	0	38128080	21872191	638.0000138282776	638.0000138282776	124992	124992.0	moviewatching	290	{"2.2":1}	anat,dwi,func
ds003097	sub-0567	n/a	1	3	0	49053218	22579942	638.0000138282776	638.0000138282776	139776	139776.0	moviewatching	290	{"2.2":1}	anat,dwi,func
ds003097	sub-0568	n/a	0	3	0	0	22668028	n/a	n/a	n/a	n/a	n/a	0	n/a	anat,dwi
ds003097	sub-0569	n/a	1	3	0	40799066	18087180	638.0000138282776	638.0000138282776	126336	126336.0	moviewatching	290	{"2.2":1}	anat,dwi,func
ds003097	sub-0570	n/a	1	3	0	49104947	21006431	638.0000138282776	638.0000138282776	145152	145152.0	moviewatching	290	{"2.2":1}	anat,dwi,func
ds003097	sub-0571	n/a	1	3	0	48204269	19247394	638.0000138282776	638.0000138282776	145152	145152.0	moviewatching	290	{"2.2":1}	anat,dwi,func
ds003097	sub-0572	n/a	1	3	0	60138561	20536110	638.0000138282776	638.0000138282776	153216	153216.0	moviewatching	290	{"2.2":1}	anat,dwi,func
ds003097	sub-0573	n/a	1	3	0	64605092	22861992	638.0000138282776	638.0000138282776	172032	172032.0	moviewatching	290	{"2.2":1}	anat,dwi,func
ds003097	sub-0574	n/a	1	3	0	37888596	18949079	638.0000138282776	638.0000138282776	129654	129654.0	moviewatching	290	{"2.2":1}	anat,dwi,func
ds003097	sub-0575	n/a	1	2	0	51010777	13337043	638.0000138282776	638.0000138282776	150528	150528.0	moviewatching	290	{"2.2":1}	anat,dwi,func
ds003097	sub-0576	n/a	1	3	0	53551224	20562154	638.0000138282776	638.0000138282776	150528	150528.0	moviewatching	290	{"2.2":1}	anat,dwi,func
ds003097	sub-0577	n/a	1	3	0	47695441	21241349	638.0000138282776	638.0000138282776	147840	147840.0	moviewatching	290	{"2.2":1}	anat,dwi,func
ds003097	sub-0578	n/a	1	3	0	34810332	21443500	638.0000138282776	638.0000138282776	117547	117547.0	moviewatching	290	{"2.2":1}	anat,dwi,func
ds003097	sub-0579	n/a	1	3	0	47665412	21235443	638.0000138282776	638.0000138282776	142464	142464.0	moviewatching	290	{"2.2":1}	anat,dwi,func
ds003097	sub-0580	n/a	0	3	0	0	22967507	n/a	n/a	n/a	n/a	n/a	0	n/a	anat,dwi
ds003097	sub-0581	n/a	1	3	0	43940766	23299064	638.0000138282776	638.0000138282776	142464	142464.0	moviewatching	290	{"2.2":1}	anat,dwi,func
ds003097	sub-0582	n/a	1	3	0	46683152	19711528	638.0000138282776	638.0000138282776	145152	145152.0	moviewatching	290	{"2.2":1}	anat,dwi,func
ds003097	sub-0583	n/a	1	3	0	53136350	21582806	638.0000138282776	638.0000138282776	147840	147840.0	moviewatching	290	{"2.2":1}	anat,dwi,func
ds003097	sub-0584	n/a	1	3	0	44547842	21708103	638.0000138282776	638.0000138282776	131712	131712.0	moviewatching	290	{"2.2":1}	anat,dwi,func
ds003097	sub-0585	n/a	1	3	0	36785045	18837452	638.0000138282776	638.0000138282776	127596	127596.0	moviewatching	290	{"2.2":1}	anat,dwi,func
ds003097	sub-0586	n/a	1	3	0	49711968	20292636	638.0000138282776	638.0000138282776	139776	139776.0	moviewatching	290	{"2.2":1}	anat,dwi,func
ds003097	sub-0587	n/a	1	3	0	37983542	19237266	638.0000138282776	638.0000138282776	130662	130662.0	moviewatching	290	{"2.2":1}	anat,dwi,func
ds003097	sub-0588	n/a	1	3	0	43462647	19806132	638.0000138282776	638.0000138282776	147840	147840.0	moviewatching	290	{"2.2":1}	anat,dwi,func
ds003097	sub-0589	n/a	1	3	0	53633196	22437805	638.0000138282776	638.0000138282776	142464	142464.0	moviewatching	290	{"2.2":1}	anat,dwi,func
ds003097	sub-0590	n/a	1	3	0	46267755	19368769	638.0000138282776	638.0000138282776	147840	147840.0	moviewatching	290	{"2.2":1}	anat,dwi,func
ds003097	sub-0591	n/a	1	3	0	48166280	21296084	638.0000138282776	638.0000138282776	147840	147840.0	moviewatching	290	{"2.2":1}	anat,dwi,func
ds003097	sub-0592	n/a	1	3	0	56764310	21745009	638.0000138282776	638.0000138282776	150528	150528.0	moviewatching	290	{"2.2":1}	anat,dwi,func
ds003097	sub-0593	n/a	1	3	0	46650783	19612218	638.0000138282776	638.0000138282776	142464	142464.0	moviewatching	290	{"2.2":1}	anat,dwi,func
ds003097	sub-0594	n/a	1	3	0	50882876	21325916	638.0000138282776	638.0000138282776	142464	142464.0	moviewatching	290	{"2.2":1}	anat,dwi,func
ds003097	sub-0595	n/a	1	2	0	44503216	14664812	638.0000138282776	638.0000138282776	145152	145152.0	moviewatching	290	{"2.2":1}	anat,dwi,func
ds003097	sub-0596	n/a	1	3	0	40341666	23862135	638.0000138282776	638.0000138282776	131712	131712.0	moviewatching	290	{"2.2":1}	anat,dwi,func
ds003097	sub-0597	n/a	1	3	0	41888805	22404546	638.0000138282776	638.0000138282776	139776	139776.0	moviewatching	290	{"2.2":1}	anat,dwi,func
ds003097	sub-0598	n/a	1	3	0	50328218	19327321	638.0000138282776	638.0000138282776	142464	142464.0	moviewatching	290	{"2.2":1}	anat,dwi,func
ds003097	sub-0599	n/a	1	3	0	46860099	20261096	638.0000138282776	638.0000138282776	145152	145152.0	moviewatching	290	{"2.2":1}	anat,dwi,func
ds003097	sub-0600	n/a	1	3	0	47359109	20344608	638.0000138282776	638.0000138282776	139776	139776.0	moviewatching	290	{"2.2":1}	anat,dwi,func
ds003097	sub-0601	n/a	1	3	0	46830448	20622781	638.0000138282776	638.0000138282776	134400	134400.0	moviewatching	290	{"2.2":1}	anat,dwi,func
ds003097	sub-0602	n/a	1	3	0	44969297	18321775	638.0000138282776	638.0000138282776	145152	145152.0	moviewatching	290	{"2.2":1}	anat,dwi,func
ds003097	sub-0603	n/a	1	3	0	37358500	18862199	638.0000138282776	638.0000138282776	126378	126378.0	moviewatching	290	{"2.2":1}	anat,dwi,func
ds003097	sub-0604	n/a	1	3	0	37300922	21801273	638.0000138282776	638.0000138282776	122976	122976.0	moviewatching	290	{"2.2":1}	anat,dwi,func
ds003097	sub-0605	n/a	1	3	0	54048054	23987356	638.0000138282776	638.0000138282776	150528	150528.0	moviewatching	290	{"2.2":1}	anat,dwi,func
ds003097	sub-0606	n/a	1	3	0	42163472	21615843	638.0000138282776	638.0000138282776	140238	140238.0	moviewatching	290	{"2.2":1}	anat,dwi,func
ds003097	sub-0607	n/a	1	3	0	37813176	21155305	638.0000138282776	638.0000138282776	130200	130200.0	moviewatching	290	{"2.2":1}	anat,dwi,func
ds003097	sub-0608	n/a	1	3	0	40676802	22772366	638.0000138282776	638.0000138282776	142464	142464.0	moviewatching	290	{"2.2":1}	anat,dwi,func
ds003097	sub-0609	n/a	1	3	0	49315011	19790179	638.0000138282776	638.0000138282776	142464	142464.0	moviewatching	290	{"2.2":1}	anat,dwi,func
ds003097	sub-0610	n/a	1	3	0	50502324	19669048	638.0000138282776	638.0000138282776	147840	147840.0	moviewatching	290	{"2.2":1}	anat,dwi,func
ds003097	sub-0611	n/a	1	3	0	48714941	19539684	638.0000138282776	638.0000138282776	145152	145152.0	moviewatching	290	{"2.2":1}	anat,dwi,func
ds003097	sub-0612	n/a	1	3	0	48763254	22217339	638.0000138282776	638.0000138282776	142464	142464.0	moviewatching	290	{"2.2":1}	anat,dwi,func
ds003097	sub-0613	n/a	1	3	0	54845939	22826417	638.0000138282776	638.0000138282776	158592	158592.0	moviewatching	290	{"2.2":1}	anat,dwi,func
ds003097	sub-0614	n/a	1	3	0	38361102	21738399	638.0000138282776	638.0000138282776	137088	137088.0	moviewatching	290	{"2.2":1}	anat,dwi,func
ds003097	sub-0615	n/a	1	3	0	48230600	21408701	638.0000138282776	638.0000138282776	150528	150528.0	moviewatching	290	{"2.2":1}	anat,dwi,func
ds003097	sub-0616	n/a	1	3	0	57205976	21886344	638.0000138282776	638.0000138282776	155904	155904.0	moviewatching	290	{"2.2":1}	anat,dwi,func
ds003097	sub-0617	n/a	1	3	0	34306873	19572216	638.0000138282776	638.0000138282776	115290	115290.0	moviewatching	290	{"2.2":1}	anat,dwi,func
ds003097	sub-0618	n/a	1	3	0	40261562	22857162	638.0000138282776	638.0000138282776	131712	131712.0	moviewatching	290	{"2.2":1}	anat,dwi,func
ds003097	sub-0619	n/a	1	3	0	47688319	23075987	638.0000138282776	638.0000138282776	155904	155904.0	moviewatching	290	{"2.2":1}	anat,dwi,func
ds003097	sub-0620	n/a	1	3	0	46429253	21860184	638.0000138282776	638.0000138282776	145152	145152.0	moviewatching	290	{"2.2":1}	anat,dwi,func
ds003097	sub-0621	n/a	1	3	0	47980178	20351771	638.0000138282776	638.0000138282776	142464	142464.0	moviewatching	290	{"2.2":1}	anat,dwi,func
ds003097	sub-0622	n/a	1	3	0	53380950	20375512	638.0000138282776	638.0000138282776	150528	150528.0	moviewatching	290	{"2.2":1}	anat,dwi,func
ds003097	sub-0623	n/a	1	3	0	41309516	22193061	638.0000138282776	638.0000138282776	137088	137088.0	moviewatching	290	{"2.2":1}	anat,dwi,func
ds003097	sub-0624	n/a	1	3	0	35304737	20838662	638.0000138282776	638.0000138282776	116466	116466.0	moviewatching	290	{"2.2":1}	anat,dwi,func
ds003097	sub-0625	n/a	1	3	0	43031160	21730923	638.0000138282776	638.0000138282776	137088	137088.0	moviewatching	290	{"2.2":1}	anat,dwi,func
ds003097	sub-0626	n/a	1	3	0	52564620	20673644	638.0000138282776	638.0000138282776	145152	145152.0	moviewatching	290	{"2.2":1}	anat,dwi,func
ds003097	sub-0627	n/a	1	3	0	37043193	21206644	638.0000138282776	638.0000138282776	128100	128100.0	moviewatching	290	{"2.2":1}	anat,dwi,func
ds003097	sub-0628	n/a	1	3	0	45768439	18881246	638.0000138282776	638.0000138282776	142464	142464.0	moviewatching	290	{"2.2":1}	anat,dwi,func
ds003097	sub-0629	n/a	1	3	0	38264126	20842427	638.0000138282776	638.0000138282776	129654	129654.0	moviewatching	290	{"2.2":1}	anat,dwi,func
ds003097	sub-0630	n/a	1	3	0	46656250	20826464	638.0000138282776	638.0000138282776	150528	150528.0	moviewatching	290	{"2.2":1}	anat,dwi,func
ds003097	sub-0631	n/a	1	3	0	51326312	20014985	638.0000138282776	638.0000138282776	147840	147840.0	moviewatching	290	{"2.2":1}	anat,dwi,func
ds003097	sub-0632	n/a	1	3	0	43098950	22703700	638.0000138282776	638.0000138282776	139776	139776.0	moviewatching	290	{"2.2":1}	anat,dwi,func
ds003097	sub-0633	n/a	1	3	0	56021409	19808162	638.0000138282776	638.0000138282776	153216	153216.0	moviewatching	290	{"2.2":1}	anat,dwi,func
ds003097	sub-0634	n/a	1	3	0	39355764	19689607	638.0000138282776	638.0000138282776	134946	134946.0	moviewatching	290	{"2.2":1}	anat,dwi,func
ds003097	sub-0635	n/a	1	3	0	39975273	20456870	638.0000138282776	638.0000138282776	137592	137592.0	moviewatching	290	{"2.2":1}	anat,dwi,func
ds003097	sub-0636	n/a	1	3	0	41255304	22075186	638.0000138282776	638.0000138282776	139776	139776.0	moviewatching	290	{"2.2":1}	anat,dwi,func
ds003097	sub-0637	n/a	1	3	0	61872929	21668750	638.0000138282776	638.0000138282776	161280	161280.0	moviewatching	290	{"2.2":1}	anat,dwi,func
ds003097	sub-0638	n/a	1	3	0	48252429	19712067	638.0000138282776	638.0000138282776	142464	142464.0	moviewatching	290	{"2.2":1}	anat,dwi,func
ds003097	sub-0639	n/a	1	3	0	52646845	21397104	638.0000138282776	638.0000138282776	147840	147840.0	moviewatching	290	{"2.2":1}	anat,dwi,func
ds003097	sub-0640	n/a	1	3	0	50606905	21340518	638.0000138282776	638.0000138282776	145152	145152.0	moviewatching	290	{"2.2":1}	anat,dwi,func
ds003097	sub-0641	n/a	1	3	0	40759289	21015195	638.0000138282776	638.0000138282776	137088	137088.0	moviewatching	290	{"2.2":1}	anat,dwi,func
ds003097	sub-0642	n/a	1	3	0	42697594	21954135	638.0000138282776	638.0000138282776	142464	142464.0	moviewatching	290	{"2.2":1}	anat,dwi,func
ds003097	sub-0643	n/a	1	3	0	48724304	20597566	638.0000138282776	638.0000138282776	153216	153216.0	moviewatching	290	{"2.2":1}	anat,dwi,func
ds003097	sub-0644	n/a	1	3	0	49701371	18958479	638.0000138282776	638.0000138282776	139776	139776.0	moviewatching	290	{"2.2":1}	anat,dwi,func
ds003097	sub-0645	n/a	1	3	0	38337938	21286848	638.0000138282776	638.0000138282776	129654	129654.0	moviewatching	290	{"2.2":1}	anat,dwi,func
ds003097	sub-0646	n/a	1	3	0	46818714	21074806	638.0000138282776	638.0000138282776	137088	137088.0	moviewatching	290	{"2.2":1}	anat,dwi,func
ds003097	sub-0647	n/a	1	3	0	49845159	19609229	638.0000138282776	638.0000138282776	142464	142464.0	moviewatching	290	{"2.2":1}	anat,dwi,func
ds003097	sub-0648	n/a	1	3	0	40518840	22609166	638.0000138282776	638.0000138282776	139776	139776.0	moviewatching	290	{"2.2":1}	anat,dwi,func
ds003097	sub-0649	n/a	1	3	0	41240098	23247790	638.0000138282776	638.0000138282776	137088	137088.0	moviewatching	290	{"2.2":1}	anat,dwi,func
ds003097	sub-0650	n/a	1	3	0	36200590	22563288	638.0000138282776	638.0000138282776	119474	119474.0	moviewatching	290	{"2.2":1}	anat,dwi,func
ds003097	sub-0651	n/a	1	3	0	35036442	22384895	638.0000138282776	638.0000138282776	121716	121716.0	moviewatching	290	{"2.2":1}	anat,dwi,func
ds003097	sub-0652	n/a	1	3	0	41739012	22499626	638.0000138282776	638.0000138282776	139776	139776.0	moviewatching	290	{"2.2":1}	anat,dwi,func
ds003097	sub-0653	n/a	1	3	0	49331751	18958032	638.0000138282776	638.0000138282776	139776	139776.0	moviewatching	290	{"2.2":1}	anat,dwi,func
ds003097	sub-0654	n/a	1	3	0	42491017	21773678	638.0000138282776	638.0000138282776	139776	139776.0	moviewatching	290	{"2.2":1}	anat,dwi,func
ds003097	sub-0655	n/a	1	3	0	51184601	20790766	638.0000138282776	638.0000138282776	145152	145152.0	moviewatching	290	{"2.2":1}	anat,dwi,func
ds003097	sub-0656	n/a	1	3	0	39312385	22762407	638.0000138282776	638.0000138282776	124992	124992.0	moviewatching	290	{"2.2":1}	anat,dwi,func
ds003097	sub-0657	n/a	1	3	0	50706417	20224060	638.0000138282776	638.0000138282776	147840	147840.0	moviewatching	290	{"2.2":1}	anat,dwi,func
ds003097	sub-0658	n/a	1	3	0	60826866	23339421	638.0000138282776	638.0000138282776	166656	166656.0	moviewatching	290	{"2.2":1}	anat,func
ds003097	sub-0659	n/a	1	3	0	57220388	24532484	638.0000138282776	638.0000138282776	155904	155904.0	moviewatching	290	{"2.2":1}	anat,dwi,func
ds003097	sub-0660	n/a	1	3	0	45311211	21537924	638.0000138282776	638.0000138282776	132300	132300.0	moviewatching	290	{"2.2":1}	anat,dwi,func
ds003097	sub-0661	n/a	1	3	0	47819190	19423679	638.0000138282776	638.0000138282776	145152	145152.0	moviewatching	290	{"2.2":1}	anat,dwi,func
ds003097	sub-0662	n/a	1	3	0	47197771	22540974	638.0000138282776	638.0000138282776	158592	158592.0	moviewatching	290	{"2.2":1}	anat,dwi,func
ds003097	sub-0663	n/a	0	3	0	0	21899349	n/a	n/a	n/a	n/a	n/a	0	n/a	anat,dwi
ds003097	sub-0664	n/a	1	3	0	50769969	17779855	638.0000138282776	638.0000138282776	153216	153216.0	moviewatching	290	{"2.2":1}	anat,dwi,func
ds003097	sub-0665	n/a	1	3	0	40120015	21294397	638.0000138282776	638.0000138282776	135408	135408.0	moviewatching	290	{"2.2":1}	anat,dwi,func
ds003097	sub-0666	n/a	1	3	0	49847229	22453063	638.0000138282776	638.0000138282776	150528	150528.0	moviewatching	290	{"2.2":1}	anat,dwi,func
ds003097	sub-0667	n/a	1	3	0	46446469	19459075	638.0000138282776	638.0000138282776	142464	142464.0	moviewatching	290	{"2.2":1}	anat,dwi,func
ds003097	sub-0668	n/a	1	3	0	37597948	19689373	638.0000138282776	638.0000138282776	128100	128100.0	moviewatching	290	{"2.2":1}	anat,dwi,func
ds003097	sub-0669	n/a	1	3	0	45363964	19585132	638.0000138282776	638.0000138282776	137088	137088.0	moviewatching	290	{"2.2":1}	anat,dwi,func
ds003097	sub-0670	n/a	1	3	0	49501470	21401093	638.0000138282776	638.0000138282776	142464	142464.0	moviewatching	290	{"2.2":1}	anat,dwi,func
ds003097	sub-0671	n/a	1	3	0	50247089	20462888	638.0000138282776	638.0000138282776	150528	150528.0	moviewatching	290	{"2.2":1}	anat,dwi,func
ds003097	sub-0672	n/a	1	3	0	43621234	22669041	638.0000138282776	638.0000138282776	142464	142464.0	moviewatching	290	{"2.2":1}	anat,dwi,func
ds003097	sub-0673	n/a	1	3	0	41262410	22470281	638.0000138282776	638.0000138282776	137592	137592.0	moviewatching	290	{"2.2":1}	anat,dwi,func
ds003097	sub-0674	n/a	1	3	0	45389577	18337470	638.0000138282776	638.0000138282776	134400	134400.0	moviewatching	290	{"2.2":1}	anat,dwi,func
ds003097	sub-0675	n/a	1	3	0	34212661	20528648	638.0000138282776	638.0000138282776	114912	114912.0	moviewatching	290	{"2.2":1}	anat,dwi,func
ds003097	sub-0676	n/a	1	3	0	46937862	18365320	638.0000138282776	638.0000138282776	139776	139776.0	moviewatching	290	{"2.2":1}	anat,dwi,func
ds003097	sub-0677	n/a	1	3	0	41097929	21822434	638.0000138282776	638.0000138282776	137088	137088.0	moviewatching	290	{"2.2":1}	anat,dwi,func
ds003097	sub-0678	n/a	1	3	0	45118834	19799577	638.0000138282776	638.0000138282776	139776	139776.0	moviewatching	290	{"2.2":1}	anat,dwi,func
ds003097	sub-0679	n/a	1	3	0	51361163	22519382	638.0000138282776	638.0000138282776	153216	153216.0	moviewatching	290	{"2.2":1}	anat,dwi,func
ds003097	sub-0680	n/a	1	3	0	55873814	22549792	638.0000138282776	638.0000138282776	150528	150528.0	moviewatching	290	{"2.2":1}	anat,dwi,func
ds003097	sub-0681	n/a	1	3	0	42927101	22457651	638.0000138282776	638.0000138282776	142464	142464.0	moviewatching	290	{"2.2":1}	anat,dwi,func
ds003097	sub-0682	n/a	1	3	0	49105339	21070354	638.0000138282776	638.0000138282776	145152	145152.0	moviewatching	290	{"2.2":1}	anat,dwi,func
ds003097	sub-0683	n/a	1	3	0	40540627	21585661	638.0000138282776	638.0000138282776	134400	134400.0	moviewatching	290	{"2.2":1}	anat,dwi,func
ds003097	sub-0684	n/a	1	3	0	53505736	20024806	638.0000138282776	638.0000138282776	145152	145152.0	moviewatching	290	{"2.2":1}	anat,dwi,func
ds003097	sub-0685	n/a	1	3	0	44494476	20182862	638.0000138282776	638.0000138282776	145152	145152.0	moviewatching	290	{"2.2":1}	anat,dwi,func
ds003097	sub-0686	n/a	1	3	0	50491645	21124140	638.0000138282776	638.0000138282776	142464	142464.0	moviewatching	290	{"2.2":1}	anat,dwi,func
ds003097	sub-0687	n/a	1	3	0	37165457	18508565	638.0000138282776	638.0000138282776	128520	128520.0	moviewatching	290	{"2.2":1}	anat,dwi,func
ds003097	sub-0688	n/a	1	3	0	48989450	22602436	638.0000138282776	638.0000138282776	147840	147840.0	moviewatching	290	{"2.2":1}	anat,dwi,func
ds003097	sub-0689	n/a	1	3	0	49217286	21192858	638.0000138282776	638.0000138282776	147840	147840.0	moviewatching	290	{"2.2":1}	anat,dwi,func
ds003097	sub-0690	n/a	1	3	0	50811318	22208815	638.0000138282776	638.0000138282776	147840	147840.0	moviewatching	290	{"2.2":1}	anat,dwi,func
ds003097	sub-0691	n/a	1	3	0	40861893	19948797	638.0000138282776	638.0000138282776	137592	137592.0	moviewatching	290	{"2.2":1}	anat,dwi,func
ds003097	sub-0692	n/a	1	3	0	46931692	22504049	638.0000138282776	638.0000138282776	139776	139776.0	moviewatching	290	{"2.2":1}	anat,dwi,func
ds003097	sub-0693	n/a	1	3	0	51036457	19433860	638.0000138282776	638.0000138282776	145152	145152.0	moviewatching	290	{"2.2":1}	anat,dwi,func
ds003097	sub-0694	n/a	1	3	0	52404502	17953903	638.0000138282776	638.0000138282776	150528	150528.0	moviewatching	290	{"2.2":1}	anat,dwi,func
ds003097	sub-0695	n/a	1	3	0	48418729	19115521	638.0000138282776	638.0000138282776	150528	150528.0	moviewatching	290	{"2.2":1}	anat,dwi,func
ds003097	sub-0696	n/a	1	3	0	37442735	18512573	638.0000138282776	638.0000138282776	134400	134400.0	moviewatching	290	{"2.2":1}	anat,dwi,func
ds003097	sub-0697	n/a	1	3	0	47363177	22017171	638.0000138282776	638.0000138282776	145152	145152.0	moviewatching	290	{"2.2":1}	anat,dwi,func
ds003097	sub-0698	n/a	1	3	0	40292166	20083447	638.0000138282776	638.0000138282776	131712	131712.0	moviewatching	290	{"2.2":1}	anat,dwi,func
ds003097	sub-0699	n/a	1	3	0	47996038	20108213	638.0000138282776	638.0000138282776	142464	142464.0	moviewatching	290	{"2.2":1}	anat,dwi,func
ds003097	sub-0700	n/a	1	3	0	49986416	19054619	638.0000138282776	638.0000138282776	145152	145152.0	moviewatching	290	{"2.2":1}	anat,dwi,func
ds003097	sub-0701	n/a	1	3	0	37887730	21821941	638.0000138282776	638.0000138282776	132300	132300.0	moviewatching	290	{"2.2":1}	anat,dwi,func
ds003097	sub-0702	n/a	1	3	0	37863622	19286589	638.0000138282776	638.0000138282776	127008	127008.0	moviewatching	290	{"2.2":1}	anat,dwi,func
ds003097	sub-0703	n/a	1	3	0	42411239	21228850	638.0000138282776	638.0000138282776	142464	142464.0	moviewatching	290	{"2.2":1}	anat,dwi,func
ds003097	sub-0704	n/a	1	3	0	42593250	22648633	638.0000138282776	638.0000138282776	134400	134400.0	moviewatching	290	{"2.2":1}	anat,dwi,func
ds003097	sub-0705	n/a	1	3	0	41067819	21638392	638.0000138282776	638.0000138282776	134946	134946.0	moviewatching	290	{"2.2":1}	anat,dwi,func
ds003097	sub-0706	n/a	1	3	0	46910899	19358442	638.0000138282776	638.0000138282776	142464	142464.0	moviewatching	290	{"2.2":1}	anat,dwi,func
ds003097	sub-0707	n/a	1	3	0	51253234	19805882	638.0000138282776	638.0000138282776	150528	150528.0	moviewatching	290	{"2.2":1}	anat,dwi,func
ds003097	sub-0708	n/a	1	3	0	45499955	20815207	638.0000138282776	638.0000138282776	150528	150528.0	moviewatching	290	{"2.2":1}	anat,dwi,func
ds003097	sub-0709	n/a	1	3	0	51119855	18749332	638.0000138282776	638.0000138282776	145152	145152.0	moviewatching	290	{"2.2":1}	anat,dwi,func
ds003097	sub-0710	n/a	1	3	0	47234581	21826500	638.0000138282776	638.0000138282776	145152	145152.0	moviewatching	290	{"2.2":1}	anat,dwi,func
ds003097	sub-0711	n/a	1	3	0	47414365	19472095	638.0000138282776	638.0000138282776	142464	142464.0	moviewatching	290	{"2.2":1}	anat,dwi,func
ds003097	sub-0712	n/a	1	3	0	43399323	19064116	638.0000138282776	638.0000138282776	131712	131712.0	moviewatching	290	{"2.2":1}	anat,dwi,func
ds003097	sub-0713	n/a	1	3	0	47784391	21589935	638.0000138282776	638.0000138282776	147840	147840.0	moviewatching	290	{"2.2":1}	anat,dwi,func
ds003097	sub-0714	n/a	1	3	0	51659567	21975916	638.0000138282776	638.0000138282776	155904	155904.0	moviewatching	290	{"2.2":1}	anat,dwi,func
ds003097	sub-0715	n/a	1	3	0	45100405	22576777	638.0000138282776	638.0000138282776	142464	142464.0	moviewatching	290	{"2.2":1}	anat,dwi,func
ds003097	sub-0716	n/a	1	2	0	51511002	13463159	638.0000138282776	638.0000138282776	147840	147840.0	moviewatching	290	{"2.2":1}	anat,dwi,func
ds003097	sub-0717	n/a	1	3	0	43811236	23063309	638.0000138282776	638.0000138282776	145152	145152.0	moviewatching	290	{"2.2":1}	anat,dwi,func
ds003097	sub-0718	n/a	1	3	0	42769748	23421417	638.0000138282776	638.0000138282776	139776	139776.0	moviewatching	290	{"2.2":1}	anat,dwi,func
ds003097	sub-0719	n/a	1	3	0	44196221	20274796	638.0000138282776	638.0000138282776	134400	134400.0	moviewatching	290	{"2.2":1}	anat,dwi,func
ds003097	sub-0720	n/a	0	3	0	0	19229892	n/a	n/a	n/a	n/a	n/a	0	n/a	anat,dwi
ds003097	sub-0721	n/a	1	3	0	39415568	21208040	638.0000138282776	638.0000138282776	129024	129024.0	moviewatching	290	{"2.2":1}	anat,dwi,func
ds003097	sub-0722	n/a	1	3	0	39745862	21085414	638.0000138282776	638.0000138282776	131712	131712.0	moviewatching	290	{"2.2":1}	anat,dwi,func
ds003097	sub-0723	n/a	1	3	0	51415169	19767138	638.0000138282776	638.0000138282776	147840	147840.0	moviewatching	290	{"2.2":1}	anat,dwi,func
ds003097	sub-0724	n/a	1	3	0	35945080	22108155	638.0000138282776	638.0000138282776	120950	120950.0	moviewatching	290	{"2.2":1}	anat,dwi,func
ds003097	sub-0725	n/a	1	3	0	37833614	21431202	638.0000138282776	638.0000138282776	132804	132804.0	moviewatching	290	{"2.2":1}	anat,dwi,func
ds003097	sub-0726	n/a	0	3	0	0	20407469	n/a	n/a	n/a	n/a	n/a	0	n/a	anat,dwi
ds003097	sub-0727	n/a	1	3	0	45433022	20054632	638.0000138282776	638.0000138282776	145152	145152.0	moviewatching	290	{"2.2":1}	anat,dwi,func
ds003097	sub-0728	n/a	1	3	0	36503181	20052285	638.0000138282776	638.0000138282776	128520	128520.0	moviewatching	290	{"2.2":1}	anat,dwi,func
ds003097	sub-0729	n/a	0	3	0	0	21798087	n/a	n/a	n/a	n/a	n/a	0	n/a	anat,dwi
ds003097	sub-0730	n/a	1	3	0	37145978	21643824	638.0000138282776	638.0000138282776	120414	120414.0	moviewatching	290	{"2.2":1}	anat,dwi,func
ds003097	sub-0731	n/a	1	3	0	47199398	21421183	638.0000138282776	638.0000138282776	145152	145152.0	moviewatching	290	{"2.2":1}	anat,dwi,func
ds003097	sub-0732	n/a	1	3	0	36852211	21126994	638.0000138282776	638.0000138282776	125538	125538.0	moviewatching	290	{"2.2":1}	anat,dwi,func
ds003097	sub-0733	n/a	0	3	0	0	20361003	n/a	n/a	n/a	n/a	n/a	0	n/a	anat,dwi
ds003097	sub-0734	n/a	1	3	0	47463888	19657337	638.0000138282776	638.0000138282776	139776	139776.0	moviewatching	290	{"2.2":1}	anat,dwi,func
ds003097	sub-0735	n/a	1	3	0	38443444	21036508	638.0000138282776	638.0000138282776	132804	132804.0	moviewatching	290	{"2.2":1}	anat,dwi,func
ds003097	sub-0736	n/a	1	3	0	54244739	21891466	638.0000138282776	638.0000138282776	145152	145152.0	moviewatching	290	{"2.2":1}	anat,dwi,func
ds003097	sub-0737	n/a	1	3	0	46964391	20735089	638.0000138282776	638.0000138282776	147840	147840.0	moviewatching	290	{"2.2":1}	anat,dwi,func
ds003097	sub-0738	n/a	1	3	0	61894265	22426145	638.0000138282776	638.0000138282776	169344	169344.0	moviewatching	290	{"2.2":1}	anat,dwi,func
ds003097	sub-0739	n/a	1	3	0	39623567	21246520	638.0000138282776	638.0000138282776	139776	139776.0	moviewatching	290	{"2.2":1}	anat,dwi,func
ds003097	sub-0740	n/a	1	3	0	35291086	22314736	638.0000138282776	638.0000138282776	119560	119560.0	moviewatching	290	{"2.2":1}	anat,dwi,func
ds003097	sub-0741	n/a	1	3	0	42570826	20989033	638.0000138282776	638.0000138282776	132804	132804.0	moviewatching	290	{"2.2":1}	anat,dwi,func
ds003097	sub-0742	n/a	1	3	0	59691283	19986972	638.0000138282776	638.0000138282776	166656	166656.0	moviewatching	290	{"2.2":1}	anat,dwi,func
ds003097	sub-0743	n/a	0	3	0	0	22710062	n/a	n/a	n/a	n/a	n/a	0	n/a	anat,dwi
ds003097	sub-0744	n/a	1	3	0	53966771	20575182	638.0000138282776	638.0000138282776	142464	142464.0	moviewatching	290	{"2.2":1}	anat,dwi,func
ds003097	sub-0745	n/a	1	3	0	49271793	20281820	638.0000138282776	638.0000138282776	147840	147840.0	moviewatching	290	{"2.2":1}	anat,dwi,func
ds003097	sub-0746	n/a	1	3	0	35229857	19531357	638.0000138282776	638.0000138282776	120414	120414.0	moviewatching	290	{"2.2":1}	anat,dwi,func
ds003097	sub-0747	n/a	1	3	0	46197583	20568824	638.0000138282776	638.0000138282776	142464	142464.0	moviewatching	290	{"2.2":1}	anat,dwi,func
ds003097	sub-0748	n/a	1	3	0	53694359	22127546	638.0000138282776	638.0000138282776	145152	145152.0	moviewatching	290	{"2.2":1}	anat,dwi,func
ds003097	sub-0749	n/a	0	3	0	0	19293788	n/a	n/a	n/a	n/a	n/a	0	n/a	anat,dwi
ds003097	sub-0750	n/a	1	3	0	40772040	23723828	638.0000138282776	638.0000138282776	139776	139776.0	moviewatching	290	{"2.2":1}	anat,dwi,func
ds003097	sub-0751	n/a	1	3	0	45792827	20635055	638.0000138282776	638.0000138282776	145152	145152.0	moviewatching	290	{"2.2":1}	anat,dwi,func
ds003097	sub-0752	n/a	1	3	0	52720101	21903005	638.0000138282776	638.0000138282776	147840	147840.0	moviewatching	290	{"2.2":1}	anat,dwi,func
ds003097	sub-0753	n/a	1	3	0	48217025	20725471	638.0000138282776	638.0000138282776	139776	139776.0	moviewatching	290	{"2.2":1}	anat,dwi,func
ds003097	sub-0754	n/a	1	3	0	43046058	21963435	638.0000138282776	638.0000138282776	137088	137088.0	moviewatching	290	{"2.2":1}	anat,dwi,func
ds003097	sub-0755	n/a	0	3	0	0	20474907	n/a	n/a	n/a	n/a	n/a	0	n/a	anat,dwi
ds003097	sub-0756	n/a	1	3	0	50496598	19840063	638.0000138282776	638.0000138282776	147840	147840.0	moviewatching	290	{"2.2":1}	anat,dwi,func
ds003097	sub-0757	n/a	1	3	0	52932105	22240809	638.0000138282776	638.0000138282776	142464	142464.0	moviewatching	290	{"2.2":1}	anat,dwi,func
ds003097	sub-0758	n/a	1	3	0	48667516	21346802	638.0000138282776	638.0000138282776	139776	139776.0	moviewatching	290	{"2.2":1}	anat,dwi,func
ds003097	sub-0759	n/a	1	3	0	41367936	21869892	638.0000138282776	638.0000138282776	137592	137592.0	moviewatching	290	{"2.2":1}	anat,dwi,func
ds003097	sub-0760	n/a	1	3	0	43340241	22927775	638.0000138282776	638.0000138282776	139776	139776.0	moviewatching	290	{"2.2":1}	anat,dwi,func
ds003097	sub-0761	n/a	1	3	0	42273413	22058642	638.0000138282776	638.0000138282776	139776	139776.0	moviewatching	290	{"2.2":1}	anat,dwi,func
ds003097	sub-0762	n/a	1	3	0	33970600	19324684	638.0000138282776	638.0000138282776	122016	122016.0	moviewatching	290	{"2.2":1}	anat,dwi,func
ds003097	sub-0763	n/a	1	3	0	37841272	22377179	638.0000138282776	638.0000138282776	130200	130200.0	moviewatching	290	{"2.2":1}	anat,dwi,func
ds003097	sub-0764	n/a	1	3	0	36370263	20519119	638.0000138282776	638.0000138282776	125538	125538.0	moviewatching	290	{"2.2":1}	anat,dwi,func
ds003097	sub-0765	n/a	1	3	0	40024017	20934473	638.0000138282776	638.0000138282776	132804	132804.0	moviewatching	290	{"2.2":1}	anat,dwi,func
ds003097	sub-0766	n/a	1	3	0	38572505	21433625	638.0000138282776	638.0000138282776	132804	132804.0	moviewatching	290	{"2.2":1}	anat,dwi,func
ds003097	sub-0767	n/a	1	3	0	51129797	24428859	638.0000138282776	638.0000138282776	145152	145152.0	moviewatching	290	{"2.2":1}	anat,dwi,func
ds003097	sub-0768	n/a	0	3	0	0	25184852	n/a	n/a	n/a	n/a	n/a	0	n/a	anat,dwi
ds003097	sub-0769	n/a	1	3	0	50522312	18801028	638.0000138282776	638.0000138282776	139776	139776.0	moviewatching	290	{"2.2":1}	anat,dwi,func
ds003097	sub-0770	n/a	0	3	0	0	19078571	n/a	n/a	n/a	n/a	n/a	0	n/a	anat,dwi
ds003097	sub-0771	n/a	1	3	0	39333169	19926804	638.0000138282776	638.0000138282776	133224	133224.0	moviewatching	290	{"2.2":1}	anat,dwi,func
ds003097	sub-0772	n/a	1	3	0	51198996	18006322	638.0000138282776	638.0000138282776	147840	147840.0	moviewatching	290	{"2.2":1}	anat,dwi,func
ds003097	sub-0773	n/a	1	3	0	46933254	21843793	638.0000138282776	638.0000138282776	142464	142464.0	moviewatching	290	{"2.2":1}	anat,dwi,func
ds003097	sub-0774	n/a	1	3	0	48362873	20596408	638.0000138282776	638.0000138282776	147840	147840.0	moviewatching	290	{"2.2":1}	anat,dwi,func
ds003097	sub-0775	n/a	1	3	0	40538458	21150413	638.0000138282776	638.0000138282776	131712	131712.0	moviewatching	290	{"2.2":1}	anat,dwi,func
ds003097	sub-0776	n/a	1	3	0	49160529	21236337	638.0000138282776	638.0000138282776	134400	134400.0	moviewatching	290	{"2.2":1}	anat,dwi,func
ds003097	sub-0777	n/a	1	3	0	48517974	19994272	638.0000138282776	638.0000138282776	147840	147840.0	moviewatching	290	{"2.2":1}	anat,dwi,func
ds003097	sub-0778	n/a	1	3	0	54546673	20936007	638.0000138282776	638.0000138282776	155904	155904.0	moviewatching	290	{"2.2":1}	anat,dwi,func
ds003097	sub-0779	n/a	1	3	0	42547316	23465593	638.0000138282776	638.0000138282776	142464	142464.0	moviewatching	290	{"2.2":1}	anat,dwi,func
ds003097	sub-0780	n/a	1	3	0	45011505	22844417	638.0000138282776	638.0000138282776	145152	145152.0	moviewatching	290	{"2.2":1}	anat,dwi,func
ds003097	sub-0781	n/a	1	3	0	41262705	22960429	638.0000138282776	638.0000138282776	137088	137088.0	moviewatching	290	{"2.2":1}	anat,dwi,func
ds003097	sub-0782	n/a	1	3	0	54840382	21953537	638.0000138282776	638.0000138282776	147840	147840.0	moviewatching	290	{"2.2":1}	anat,dwi,func
ds003097	sub-0783	n/a	1	3	0	50769858	21256987	638.0000138282776	638.0000138282776	145152	145152.0	moviewatching	290	{"2.2":1}	anat,dwi,func
ds003097	sub-0784	n/a	1	3	0	50613589	19053820	638.0000138282776	638.0000138282776	150528	150528.0	moviewatching	290	{"2.2":1}	anat,dwi,func
ds003097	sub-0785	n/a	1	2	0	38010051	14566156	638.0000138282776	638.0000138282776	131712	131712.0	moviewatching	290	{"2.2":1}	anat,dwi,func
ds003097	sub-0786	n/a	1	3	0	56927346	19245921	638.0000138282776	638.0000138282776	153216	153216.0	moviewatching	290	{"2.2":1}	anat,dwi,func
ds003097	sub-0787	n/a	1	3	0	51396738	20932014	638.0000138282776	638.0000138282776	155904	155904.0	moviewatching	290	{"2.2":1}	anat,dwi,func
ds003097	sub-0788	n/a	1	3	0	35482769	21002642	638.0000138282776	638.0000138282776	122388	122388.0	moviewatching	290	{"2.2":1}	anat,dwi,func
ds003097	sub-0789	n/a	1	3	0	52727010	21007017	638.0000138282776	638.0000138282776	147840	147840.0	moviewatching	290	{"2.2":1}	anat,dwi,func
ds003097	sub-0790	n/a	1	3	0	51262558	20248195	638.0000138282776	638.0000138282776	142464	142464.0	moviewatching	290	{"2.2":1}	anat,dwi,func
ds003097	sub-0791	n/a	1	3	0	35952106	22019063	638.0000138282776	638.0000138282776	120960	120960.0	moviewatching	290	{"2.2":1}	anat,dwi,func
ds003097	sub-0792	n/a	1	3	0	34795676	21041751	638.0000138282776	638.0000138282776	120048	120048.0	moviewatching	290	{"2.2":1}	anat,dwi,func
ds003097	sub-0793	n/a	1	3	0	47534199	21588094	638.0000138282776	638.0000138282776	145152	145152.0	moviewatching	290	{"2.2":1}	anat,dwi,func
ds003097	sub-0794	n/a	1	3	0	55329884	23439515	638.0000138282776	638.0000138282776	150528	150528.0	moviewatching	290	{"2.2":1}	anat,dwi,func
ds003097	sub-0795	n/a	0	3	0	0	19848166	n/a	n/a	n/a	n/a	n/a	0	n/a	anat,dwi
ds003097	sub-0796	n/a	1	3	0	63379520	23389499	638.0000138282776	638.0000138282776	161280	161280.0	moviewatching	290	{"2.2":1}	anat,dwi,func
ds003097	sub-0797	n/a	1	3	0	50298680	21624618	638.0000138282776	638.0000138282776	142464	142464.0	moviewatching	290	{"2.2":1}	anat,dwi,func
ds003097	sub-0798	n/a	1	3	0	44997636	19444912	638.0000138282776	638.0000138282776	142464	142464.0	moviewatching	290	{"2.2":1}	anat,dwi,func
ds003097	sub-0799	n/a	1	3	0	60626759	19725735	638.0000138282776	638.0000138282776	155904	155904.0	moviewatching	290	{"2.2":1}	anat,dwi,func
ds003097	sub-0800	n/a	1	3	0	48466306	21638960	638.0000138282776	638.0000138282776	145152	145152.0	moviewatching	290	{"2.2":1}	anat,dwi,func
ds003097	sub-0801	n/a	1	3	0	54045469	20503681	638.0000138282776	638.0000138282776	142464	142464.0	moviewatching	290	{"2.2":1}	anat,dwi,func
ds003097	sub-0802	n/a	1	3	0	38340764	20559957	638.0000138282776	638.0000138282776	129024	129024.0	moviewatching	290	{"2.2":1}	anat,dwi,func
ds003097	sub-0803	n/a	1	3	0	42121149	20549373	638.0000138282776	638.0000138282776	142464	142464.0	moviewatching	290	{"2.2":1}	anat,dwi,func
ds003097	sub-0804	n/a	0	3	0	0	20779516	n/a	n/a	n/a	n/a	n/a	0	n/a	anat,dwi
ds003097	sub-0805	n/a	1	3	0	44073866	19791249	638.0000138282776	638.0000138282776	137088	137088.0	moviewatching	290	{"2.2":1}	anat,dwi,func
ds003097	sub-0806	n/a	1	3	0	46112069	22108035	638.0000138282776	638.0000138282776	150528	150528.0	moviewatching	290	{"2.2":1}	anat,dwi,func
ds003097	sub-0807	n/a	1	3	0	35076083	19555372	638.0000138282776	638.0000138282776	120414	120414.0	moviewatching	290	{"2.2":1}	anat,dwi,func
ds003097	sub-0808	n/a	1	3	0	39576955	20592248	638.0000138282776	638.0000138282776	137088	137088.0	moviewatching	290	{"2.2":1}	anat,dwi,func
ds003097	sub-0809	n/a	1	3	0	50124037	20489286	638.0000138282776	638.0000138282776	147840	147840.0	moviewatching	290	{"2.2":1}	anat,dwi,func
ds003097	sub-0810	n/a	1	3	0	42341128	21032288	638.0000138282776	638.0000138282776	142464	142464.0	moviewatching	290	{"2.2":1}	anat,dwi,func
ds003097	sub-0811	n/a	1	3	0	50982877	20938508	638.0000138282776	638.0000138282776	153216	153216.0	moviewatching	290	{"2.2":1}	anat,dwi,func
ds003097	sub-0812	n/a	1	3	0	52627677	21746847	638.0000138282776	638.0000138282776	147840	147840.0	moviewatching	290	{"2.2":1}	anat,dwi,func
ds003097	sub-0813	n/a	1	3	0	41952520	22102845	638.0000138282776	638.0000138282776	139776	139776.0	moviewatching	290	{"2.2":1}	anat,dwi,func
ds003097	sub-0814	n/a	1	3	0	45999423	20072759	638.0000138282776	638.0000138282776	142464	142464.0	moviewatching	290	{"2.2":1}	anat,dwi,func
ds003097	sub-0815	n/a	1	3	0	37337045	21814971	638.0000138282776	638.0000138282776	124992	124992.0	moviewatching	290	{"2.2":1}	anat,dwi,func
ds003097	sub-0816	n/a	1	3	0	45632034	23008461	638.0000138282776	638.0000138282776	150528	150528.0	moviewatching	290	{"2.2":1}	anat,dwi,func
ds003097	sub-0817	n/a	1	3	0	38907724	20377029	638.0000138282776	638.0000138282776	131040	131040.0	moviewatching	290	{"2.2":1}	anat,dwi,func
ds003097	sub-0818	n/a	1	3	0	48254012	18719995	638.0000138282776	638.0000138282776	155904	155904.0	moviewatching	290	{"2.2":1}	anat,dwi,func
ds003097	sub-0819	n/a	1	3	0	57245155	21897565	638.0000138282776	638.0000138282776	147840	147840.0	moviewatching	290	{"2.2":1}	anat,dwi,func
ds003097	sub-0820	n/a	1	3	0	37138186	22510416	638.0000138282776	638.0000138282776	132804	132804.0	moviewatching	290	{"2.2":1}	anat,dwi,func
ds003097	sub-0821	n/a	0	3	0	0	21800683	n/a	n/a	n/a	n/a	n/a	0	n/a	anat,dwi
ds003097	sub-0822	n/a	1	3	0	38272995	21749231	638.0000138282776	638.0000138282776	129024	129024.0	moviewatching	290	{"2.2":1}	anat,dwi,func
ds003097	sub-0823	n/a	1	3	0	52364463	17515562	638.0000138282776	638.0000138282776	150528	150528.0	moviewatching	290	{"2.2":1}	anat,dwi,func
ds003097	sub-0824	n/a	0	3	0	0	21973866	n/a	n/a	n/a	n/a	n/a	0	n/a	anat,dwi
ds003097	sub-0825	n/a	1	3	0	48514924	20460500	638.0000138282776	638.0000138282776	142464	142464.0	moviewatching	290	{"2.2":1}	anat,dwi,func
ds003097	sub-0826	n/a	1	3	0	48747315	20588557	638.0000138282776	638.0000138282776	147840	147840.0	moviewatching	290	{"2.2":1}	anat,dwi,func
ds003097	sub-0827	n/a	0	3	0	0	21992953	n/a	n/a	n/a	n/a	n/a	0	n/a	anat,dwi
ds003097	sub-0828	n/a	1	3	0	49252350	20004760	638.0000138282776	638.0000138282776	139776	139776.0	moviewatching	290	{"2.2":1}	anat,dwi,func
ds003097	sub-0829	n/a	1	3	0	41843474	21620737	638.0000138282776	638.0000138282776	142464	142464.0	moviewatching	290	{"2.2":1}	anat,dwi,func
ds003097	sub-0830	n/a	1	3	0	50357640	20549808	638.0000138282776	638.0000138282776	134400	134400.0	moviewatching	290	{"2.2":1}	anat,dwi,func
ds003097	sub-0831	n/a	1	3	0	39505299	21156253	638.0000138282776	638.0000138282776	134400	134400.0	moviewatching	290	{"2.2":1}	anat,dwi,func
ds003097	sub-0832	n/a	1	3	0	53610141	22970098	638.0000138282776	638.0000138282776	145152	145152.0	moviewatching	290	{"2.2":1}	anat,dwi,func
ds003097	sub-0833	n/a	1	3	0	47696517	22167178	638.0000138282776	638.0000138282776	150528	150528.0	moviewatching	290	{"2.2":1}	anat,dwi,func
ds003097	sub-0834	n/a	1	3	0	55288668	20151850	638.0000138282776	638.0000138282776	158592	158592.0	moviewatching	290	{"2.2":1}	anat,dwi,func
ds003097	sub-0835	n/a	1	3	0	50072786	21376838	638.0000138282776	638.0000138282776	145152	145152.0	moviewatching	290	{"2.2":1}	anat,dwi,func
ds003097	sub-0836	n/a	1	3	0	38565739	19762303	638.0000138282776	638.0000138282776	124992	124992.0	moviewatching	290	{"2.2":1}	anat,dwi,func
ds003097	sub-0837	n/a	1	3	0	50607234	21692991	638.0000138282776	638.0000138282776	150528	150528.0	moviewatching	290	{"2.2":1}	anat,dwi,func
ds003097	sub-0838	n/a	1	3	0	36843397	19985592	638.0000138282776	638.0000138282776	127596	127596.0	moviewatching	290	{"2.2":1}	anat,dwi,func
ds003097	sub-0839	n/a	1	3	0	45795227	22094852	638.0000138282776	638.0000138282776	139776	139776.0	moviewatching	290	{"2.2":1}	anat,dwi,func
ds003097	sub-0840	n/a	1	3	0	58402328	21151128	638.0000138282776	638.0000138282776	142464	142464.0	moviewatching	290	{"2.2":1}	anat,dwi,func
ds003097	sub-0841	n/a	1	3	0	41826764	22296385	638.0000138282776	638.0000138282776	137088	137088.0	moviewatching	290	{"2.2":1}	anat,dwi,func
ds003097	sub-0842	n/a	1	3	0	41255535	22271056	638.0000138282776	638.0000138282776	142464	142464.0	moviewatching	290	{"2.2":1}	anat,dwi,func
ds003097	sub-0843	n/a	1	3	0	49283036	21813900	638.0000138282776	638.0000138282776	147840	147840.0	moviewatching	290	{"2.2":1}	anat,dwi,func
ds003097	sub-0844	n/a	1	3	0	35381415	19821268	638.0000138282776	638.0000138282776	120414	120414.0	moviewatching	290	{"2.2":1}	anat,dwi,func
ds003097	sub-0845	n/a	1	3	0	50647464	21596346	638.0000138282776	638.0000138282776	142464	142464.0	moviewatching	290	{"2.2":1}	anat,dwi,func
ds003097	sub-0846	n/a	1	3	0	45233322	21291504	638.0000138282776	638.0000138282776	134400	134400.0	moviewatching	290	{"2.2":1}	anat,dwi,func
ds003097	sub-0847	n/a	1	3	0	36983931	20829147	638.0000138282776	638.0000138282776	127596	127596.0	moviewatching	290	{"2.2":1}	anat,dwi,func
ds003097	sub-0848	n/a	1	3	0	59499272	21197596	638.0000138282776	638.0000138282776	155904	155904.0	moviewatching	290	{"2.2":1}	anat,dwi,func
ds003097	sub-0849	n/a	1	3	0	47234579	19892892	638.0000138282776	638.0000138282776	145152	145152.0	moviewatching	290	{"2.2":1}	anat,dwi,func
ds003097	sub-0850	n/a	1	3	0	38350444	22194010	638.0000138282776	638.0000138282776	130662	130662.0	moviewatching	290	{"2.2":1}	anat,dwi,func
ds003097	sub-0851	n/a	1	3	0	39100445	20738238	638.0000138282776	638.0000138282776	132804	132804.0	moviewatching	290	{"2.2":1}	anat,dwi,func
ds003097	sub-0852	n/a	1	3	0	37512806	20638246	638.0000138282776	638.0000138282776	129654	129654.0	moviewatching	290	{"2.2":1}	anat,dwi,func
ds003097	sub-0853	n/a	1	3	0	40799312	22076842	638.0000138282776	638.0000138282776	137088	137088.0	moviewatching	290	{"2.2":1}	anat,dwi,func
ds003097	sub-0854	n/a	1	3	0	35411871	20130843	638.0000138282776	638.0000138282776	118440	118440.0	moviewatching	290	{"2.2":1}	anat,dwi,func
ds003097	sub-0855	n/a	1	3	0	48973710	19972205	638.0000138282776	638.0000138282776	145152	145152.0	moviewatching	290	{"2.2":1}	anat,dwi,func
ds003097	sub-0856	n/a	1	3	0	50042610	21171108	638.0000138282776	638.0000138282776	142464	142464.0	moviewatching	290	{"2.2":1}	anat,dwi,func
ds003097	sub-0857	n/a	1	3	0	46980111	19701649	638.0000138282776	638.0000138282776	142464	142464.0	moviewatching	290	{"2.2":1}	anat,dwi,func
ds003097	sub-0858	n/a	1	3	0	47955311	21849778	638.0000138282776	638.0000138282776	150528	150528.0	moviewatching	290	{"2.2":1}	anat,dwi,func
ds003097	sub-0859	n/a	1	3	0	51166302	20161356	638.0000138282776	638.0000138282776	142464	142464.0	moviewatching	290	{"2.2":1}	anat,dwi,func
ds003097	sub-0860	n/a	1	3	0	52898856	20155215	638.0000138282776	638.0000138282776	155904	155904.0	moviewatching	290	{"2.2":1}	anat,dwi,func
ds003097	sub-0861	n/a	1	3	0	39725656	20554237	638.0000138282776	638.0000138282776	139776	139776.0	moviewatching	290	{"2.2":1}	anat,dwi,func
ds003097	sub-0862	n/a	1	3	0	53634596	20092277	638.0000138282776	638.0000138282776	150528	150528.0	moviewatching	290	{"2.2":1}	anat,dwi,func
ds003097	sub-0863	n/a	1	3	0	49112242	20191282	638.0000138282776	638.0000138282776	147840	147840.0	moviewatching	290	{"2.2":1}	anat,dwi,func
ds003097	sub-0864	n/a	1	3	0	51914118	22630715	638.0000138282776	638.0000138282776	142464	142464.0	moviewatching	290	{"2.2":1}	anat,dwi,func
ds003097	sub-0865	n/a	1	3	0	55274105	23303215	638.0000138282776	638.0000138282776	153216	153216.0	moviewatching	290	{"2.2":1}	anat,dwi,func
ds003097	sub-0866	n/a	1	3	0	45420214	20231089	638.0000138282776	638.0000138282776	139776	139776.0	moviewatching	290	{"2.2":1}	anat,dwi,func
ds003097	sub-0867	n/a	1	3	0	56096966	24547965	638.0000138282776	638.0000138282776	142464	142464.0	moviewatching	290	{"2.2":1}	anat,dwi,func
ds003097	sub-0868	n/a	1	3	0	54037588	19677886	638.0000138282776	638.0000138282776	155904	155904.0	moviewatching	290	{"2.2":1}	anat,dwi,func
ds003097	sub-0869	n/a	1	3	0	39469634	20079540	638.0000138282776	638.0000138282776	130662	130662.0	moviewatching	290	{"2.2":1}	anat,dwi,func
ds003097	sub-0870	n/a	1	3	0	49932915	19949540	638.0000138282776	638.0000138282776	142464	142464.0	moviewatching	290	{"2.2":1}	anat,dwi,func
ds003097	sub-0871	n/a	1	3	0	57413210	19115173	638.0000138282776	638.0000138282776	150528	150528.0	moviewatching	290	{"2.2":1}	anat,dwi,func
ds003097	sub-0872	n/a	1	3	0	48195920	21909002	638.0000138282776	638.0000138282776	145152	145152.0	moviewatching	290	{"2.2":1}	anat,dwi,func
ds003097	sub-0873	n/a	1	3	0	37667203	19600738	638.0000138282776	638.0000138282776	128520	128520.0	moviewatching	290	{"2.2":1}	anat,dwi,func
ds003097	sub-0874	n/a	1	3	0	40923123	22821139	638.0000138282776	638.0000138282776	137088	137088.0	moviewatching	290	{"2.2":1}	anat,dwi,func
ds003097	sub-0875	n/a	1	3	0	51042426	19873030	638.0000138282776	638.0000138282776	153216	153216.0	moviewatching	290	{"2.2":1}	anat,dwi,func
ds003097	sub-0876	n/a	0	3	0	0	19526359	n/a	n/a	n/a	n/a	n/a	0	n/a	anat,dwi
ds003097	sub-0877	n/a	1	3	0	40078632	21926288	638.0000138282776	638.0000138282776	134400	134400.0	moviewatching	290	{"2.2":1}	anat,dwi,func
ds003097	sub-0878	n/a	1	3	0	40626091	23151724	638.0000138282776	638.0000138282776	131712	131712.0	moviewatching	290	{"2.2":1}	anat,dwi,func
ds003097	sub-0879	n/a	1	3	0	39993909	20171073	638.0000138282776	638.0000138282776	130200	130200.0	moviewatching	290	{"2.2":1}	anat,dwi,func
ds003097	sub-0880	n/a	1	3	0	45817368	20581739	638.0000138282776	638.0000138282776	147840	147840.0	moviewatching	290	{"2.2":1}	anat,dwi,func
ds003097	sub-0881	n/a	1	3	0	40492614	20145829	638.0000138282776	638.0000138282776	135786	135786.0	moviewatching	290	{"2.2":1}	anat,dwi,func
ds003097	sub-0882	n/a	1	3	0	61372990	21761184	638.0000138282776	638.0000138282776	153216	153216.0	moviewatching	290	{"2.2":1}	anat,dwi,func
ds003097	sub-0883	n/a	1	3	0	38283160	20009416	638.0000138282776	638.0000138282776	130200	130200.0	moviewatching	290	{"2.2":1}	anat,dwi,func
ds003097	sub-0884	n/a	1	3	0	47141894	18632730	638.0000138282776	638.0000138282776	145152	145152.0	moviewatching	290	{"2.2":1}	anat,dwi,func
ds003097	sub-0885	n/a	1	3	0	40302893	22235690	638.0000138282776	638.0000138282776	134400	134400.0	moviewatching	290	{"2.2":1}	anat,dwi,func
ds003097	sub-0886	n/a	1	3	0	36512846	20809956	638.0000138282776	638.0000138282776	122388	122388.0	moviewatching	290	{"2.2":1}	anat,dwi,func
ds003097	sub-0887	n/a	1	3	0	35695132	19908484	638.0000138282776	638.0000138282776	124992	124992.0	moviewatching	290	{"2.2":1}	anat,dwi,func
ds003097	sub-0888	n/a	1	3	0	38248895	20450167	638.0000138282776	638.0000138282776	127596	127596.0	moviewatching	290	{"2.2":1}	anat,dwi,func
ds003097	sub-0889	n/a	1	3	0	52764894	19597823	638.0000138282776	638.0000138282776	155904	155904.0	moviewatching	290	{"2.2":1}	anat,dwi,func
ds003097	sub-0890	n/a	1	3	0	39853804	22586061	638.0000138282776	638.0000138282776	132300	132300.0	moviewatching	290	{"2.2":1}	anat,dwi,func
ds003097	sub-0891	n/a	1	3	0	39341773	21126200	638.0000138282776	638.0000138282776	134400	134400.0	moviewatching	290	{"2.2":1}	anat,dwi,func
ds003097	sub-0892	n/a	1	3	0	39382078	20553794	638.0000138282776	638.0000138282776	134400	134400.0	moviewatching	290	{"2.2":1}	anat,dwi,func
ds003097	sub-0893	n/a	1	3	0	47905521	20650738	638.0000138282776	638.0000138282776	150528	150528.0	moviewatching	290	{"2.2":1}	anat,dwi,func
ds003097	sub-0894	n/a	1	3	0	44563914	23623374	638.0000138282776	638.0000138282776	142464	142464.0	moviewatching	290	{"2.2":1}	anat,dwi,func
ds003097	sub-0895	n/a	1	3	0	51192204	21190694	638.0000138282776	638.0000138282776	145152	145152.0	moviewatching	290	{"2.2":1}	anat,dwi,func
ds003097	sub-0896	n/a	1	3	0	47937362	18819335	638.0000138282776	638.0000138282776	147840	147840.0	moviewatching	290	{"2.2":1}	anat,dwi,func
ds003097	sub-0897	n/a	1	3	0	42096020	23434545	638.0000138282776	638.0000138282776	137088	137088.0	moviewatching	290	{"2.2":1}	anat,dwi,func
ds003097	sub-0898	n/a	1	3	0	52173858	20864510	638.0000138282776	638.0000138282776	153216	153216.0	moviewatching	290	{"2.2":1}	anat,dwi,func
ds003097	sub-0899	n/a	1	3	0	52067375	21033600	638.0000138282776	638.0000138282776	153216	153216.0	moviewatching	290	{"2.2":1}	anat,dwi,func
ds003097	sub-0900	n/a	1	3	0	40749910	20922913	638.0000138282776	638.0000138282776	129024	129024.0	moviewatching	290	{"2.2":1}	anat,dwi,func
ds003097	sub-0901	n/a	1	3	0	52455281	20397609	638.0000138282776	638.0000138282776	147840	147840.0	moviewatching	290	{"2.2":1}	anat,dwi,func
ds003097	sub-0902	n/a	0	3	0	0	22743903	n/a	n/a	n/a	n/a	n/a	0	n/a	anat,dwi
ds003097	sub-0903	n/a	1	3	0	53904740	21831896	638.0000138282776	638.0000138282776	150528	150528.0	moviewatching	290	{"2.2":1}	anat,dwi,func
ds003097	sub-0904	n/a	1	3	0	38022767	20916442	638.0000138282776	638.0000138282776	130662	130662.0	moviewatching	290	{"2.2":1}	anat,dwi,func
ds003097	sub-0905	n/a	1	3	0	48755750	20474333	638.0000138282776	638.0000138282776	142464	142464.0	moviewatching	290	{"2.2":1}	anat,dwi,func
ds003097	sub-0906	n/a	1	3	0	51812342	20344139	638.0000138282776	638.0000138282776	142464	142464.0	moviewatching	290	{"2.2":1}	anat,dwi,func
ds003097	sub-0907	n/a	1	3	0	39893061	20332010	638.0000138282776	638.0000138282776	132804	132804.0	moviewatching	290	{"2.2":1}	anat,dwi,func
ds003097	sub-0908	n/a	1	2	0	37121892	13816284	638.0000138282776	638.0000138282776	128100	128100.0	moviewatching	290	{"2.2":1}	anat,dwi,func
ds003097	sub-0909	n/a	1	3	0	38336360	21556251	638.0000138282776	638.0000138282776	127008	127008.0	moviewatching	290	{"2.2":1}	anat,dwi,func
ds003097	sub-0910	n/a	1	3	0	55041521	21590298	638.0000138282776	638.0000138282776	158592	158592.0	moviewatching	290	{"2.2":1}	anat,dwi,func
ds003097	sub-0911	n/a	1	3	0	52446539	21772792	638.0000138282776	638.0000138282776	147840	147840.0	moviewatching	290	{"2.2":1}	anat,dwi,func
ds003097	sub-0912	n/a	1	3	0	54412915	22351517	638.0000138282776	638.0000138282776	147840	147840.0	moviewatching	290	{"2.2":1}	anat,dwi,func
ds003097	sub-0913	n/a	1	3	0	52665220	21376352	638.0000138282776	638.0000138282776	147840	147840.0	moviewatching	290	{"2.2":1}	anat,dwi,func
ds003097	sub-0914	n/a	1	3	0	46671121	20402367	638.0000138282776	638.0000138282776	142464	142464.0	moviewatching	290	{"2.2":1}	anat,dwi,func
ds003097	sub-0915	n/a	1	3	0	38467307	20161553	638.0000138282776	638.0000138282776	134946	134946.0	moviewatching	290	{"2.2":1}	anat,dwi,func
ds003097	sub-0916	n/a	1	3	0	41356922	23528052	638.0000138282776	638.0000138282776	137088	137088.0	moviewatching	290	{"2.2":1}	anat,dwi,func
ds003097	sub-0917	n/a	1	3	0	37941717	20075976	638.0000138282776	638.0000138282776	130662	130662.0	moviewatching	290	{"2.2":1}	anat,dwi,func
ds003097	sub-0918	n/a	1	3	0	47115978	18019063	638.0000138282776	638.0000138282776	137088	137088.0	moviewatching	290	{"2.2":1}	anat,dwi,func
ds003097	sub-0919	n/a	1	3	0	50171411	20256624	638.0000138282776	638.0000138282776	147840	147840.0	moviewatching	290	{"2.2":1}	anat,dwi,func
ds003097	sub-0920	n/a	1	3	0	52464144	19491683	638.0000138282776	638.0000138282776	145152	145152.0	moviewatching	290	{"2.2":1}	anat,dwi,func
ds003097	sub-0921	n/a	1	3	0	41318898	21964910	638.0000138282776	638.0000138282776	142464	142464.0	moviewatching	290	{"2.2":1}	anat,dwi,func
ds003097	sub-0922	n/a	1	3	0	49374609	25557237	638.0000138282776	638.0000138282776	161280	161280.0	moviewatching	290	{"2.2":1}	anat,dwi,func
ds003097	sub-0923	n/a	1	3	0	44045596	22454603	638.0000138282776	638.0000138282776	142464	142464.0	moviewatching	290	{"2.2":1}	anat,dwi,func
ds003097	sub-0924	n/a	1	3	0	41010462	19657617	638.0000138282776	638.0000138282776	137592	137592.0	moviewatching	290	{"2.2":1}	anat,dwi,func
ds003097	sub-0925	n/a	1	3	0	51468597	21884681	638.0000138282776	638.0000138282776	142464	142464.0	moviewatching	290	{"2.2":1}	anat,dwi,func
ds003097	sub-0926	n/a	1	3	0	52867122	21430579	638.0000138282776	638.0000138282776	147840	147840.0	moviewatching	290	{"2.2":1}	anat,dwi,func
ds003097	sub-0927	n/a	1	3	0	46972276	21508006	638.0000138282776	638.0000138282776	145152	145152.0	moviewatching	290	{"2.2":1}	anat,dwi,func
ds003097	sub-0928	n/a	0	3	0	0	20027317	n/a	n/a	n/a	n/a	n/a	0	n/a	anat,dwi
